origin,dest,year,t,wage_diff,log_flow
1,1,1,0.0000,0.2082,3.7485
1,2,1,0.0000,1.4087,4.5180
1,3,1,0.0000,-1.4891,3.9731
1,4,1,0.0000,-1.4758,3.0113
1,5,1,0.0000,0.9908,3.3466
1,6,1,0.0000,-0.8832,5.2626
1,7,1,0.0000,-0.3662,3.3680
1,8,1,0.0000,-1.5347,2.5000
1,9,1,0.0000,-0.3516,3.2449
1,10,1,0.0000,0.6399,3.6060
2,1,1,0.0000,0.6892,6.3525
2,2,1,0.0000,0.7573,4.6969
2,3,1,0.0000,-1.4305,4.3442
2,4,1,0.0000,-0.4289,2.9262
2,5,1,0.0000,-0.6850,4.8443
2,6,1,0.0000,-0.1256,4.8345
2,7,1,0.0000,1.1446,3.8960
2,8,1,0.0000,0.3272,3.5665
2,9,1,0.0000,-0.1367,3.7639
2,10,1,0.0000,0.1792,2.2485
3,1,1,0.0000,0.9690,4.4371
3,2,1,0.0000,0.0059,4.0350
3,3,1,0.0000,0.5905,2.9294
3,4,1,0.0000,-0.3925,2.4452
3,5,1,0.0000,0.0359,3.3601
3,6,1,0.0000,-0.3308,3.8845
3,7,1,0.0000,0.8088,3.4764
3,8,1,0.0000,0.0533,2.7075
3,9,1,0.0000,-1.3189,4.2964
3,10,1,0.0000,-1.0798,2.6862
4,1,1,0.0000,-0.3760,4.2266
4,2,1,0.0000,0.1487,4.4026
4,3,1,0.0000,1.8149,2.7701
4,4,1,0.0000,0.5525,3.2297
4,5,1,0.0000,-0.5392,3.1337
4,6,1,0.0000,0.9271,2.1631
4,7,1,0.0000,1.1989,2.0662
4,8,1,0.0000,0.0180,1.3616
4,9,1,0.0000,1.0159,3.0688
4,10,1,0.0000,-1.1843,2.0410
5,1,1,0.0000,1.7641,3.5843
5,2,1,0.0000,-0.7679,5.2638
5,3,1,0.0000,0.2612,3.0194
5,4,1,0.0000,-1.4859,3.0207
5,5,1,0.0000,0.4639,3.7847
5,6,1,0.0000,0.6841,4.2249
5,7,1,0.0000,-2.3869,3.3389
5,8,1,0.0000,-0.0075,3.3973
5,9,1,0.0000,-0.5469,3.0019
5,10,1,0.0000,0.4749,3.6876
6,1,1,0.0000,-1.5315,4.6470
6,2,1,0.0000,1.9226,6.0745
6,3,1,0.0000,-0.1457,4.3621
6,4,1,0.0000,-0.3031,3.0561
6,5,1,0.0000,-0.9096,4.8136
6,6,1,0.0000,1.0077,4.3733
6,7,1,0.0000,1.5965,3.7367
6,8,1,0.0000,-1.2903,3.1942
6,9,1,0.0000,-0.5084,4.1262
6,10,1,0.0000,0.9322,3.3771
7,1,1,0.0000,0.4952,2.2450
7,2,1,0.0000,-0.7973,2.8597
7,3,1,0.0000,0.2490,1.9342
7,4,1,0.0000,0.9960,2.1130
7,5,1,0.0000,-0.8984,2.3171
7,6,1,0.0000,0.5353,2.3514
7,7,1,0.0000,1.0821,1.5289
7,8,1,0.0000,0.0926,1.8737
7,9,1,0.0000,-0.6354,3.3260
7,10,1,0.0000,0.5920,1.4436
8,1,1,0.0000,-0.4584,3.1537
8,2,1,0.0000,2.3983,2.4505
8,3,1,0.0000,-1.0040,2.4464
8,4,1,0.0000,0.3252,0.3015
8,5,1,0.0000,1.3994,1.8476
8,6,1,0.0000,-0.4474,2.4531
8,7,1,0.0000,-1.2273,0.3440
8,8,1,0.0000,-1.1033,0.1750
8,9,1,0.0000,-0.8479,0.4041
8,10,1,0.0000,-0.5456,1.4443
9,1,1,0.0000,0.0872,3.3416
9,2,1,0.0000,0.1039,2.6171
9,3,1,0.0000,0.6899,3.2022
9,4,1,0.0000,0.4706,1.4170
9,5,1,0.0000,-1.6105,1.7644
9,6,1,0.0000,1.1282,2.7555
9,7,1,0.0000,-0.7049,1.4282
9,8,1,0.0000,-1.6322,1.3044
9,9,1,0.0000,0.4013,2.3497
9,10,1,0.0000,-0.1450,0.7663
10,1,1,0.0000,-0.6198,3.3674
10,2,1,0.0000,-0.5046,2.5649
10,3,1,0.0000,0.9186,1.9557
10,4,1,0.0000,-0.0207,1.6135
10,5,1,0.0000,-0.1728,1.5103
10,6,1,0.0000,0.2175,2.7670
10,7,1,0.0000,-1.3067,1.9487
10,8,1,0.0000,0.0813,2.2196
10,9,1,0.0000,-0.2473,2.1126
10,10,1,0.0000,0.8113,2.3052
1,1,2,0.0345,0.1097,3.7534
1,2,2,0.0345,1.8945,5.9862
1,3,2,0.0345,0.5902,4.4196
1,4,2,0.0345,0.1834,3.8352
1,5,2,0.0345,-0.6287,3.8934
1,6,2,0.0345,-1.1113,3.7485
1,7,2,0.0345,-0.9520,3.8287
1,8,2,0.0345,1.7778,3.5853
1,9,2,0.0345,0.5538,5.1372
1,10,2,0.0345,-0.3608,3.4239
2,1,2,0.0345,1.2818,5.0596
2,2,2,0.0345,-2.0513,4.5582
2,3,2,0.0345,-0.8848,3.7397
2,4,2,0.0345,-0.2035,3.5749
2,5,2,0.0345,-2.6054,2.7362
2,6,2,0.0345,1.6258,4.5374
2,7,2,0.0345,1.4729,4.7848
2,8,2,0.0345,-0.5051,3.1097
2,9,2,0.0345,0.0445,4.3514
2,10,2,0.0345,-0.1903,3.1625
3,1,2,0.0345,1.3032,4.2492
3,2,2,0.0345,0.8870,4.1117
3,3,2,0.0345,0.0528,3.9547
3,4,2,0.0345,2.4599,3.5205
3,5,2,0.0345,-0.9442,4.2083
3,6,2,0.0345,-0.3870,3.8942
3,7,2,0.0345,0.5195,2.9285
3,8,2,0.0345,0.3733,2.5301
3,9,2,0.0345,0.6917,3.5927
3,10,2,0.0345,-0.0519,2.5872
4,1,2,0.0345,1.0940,3.9363
4,2,2,0.0345,0.9605,4.8214
4,3,2,0.0345,0.9608,2.5364
4,4,2,0.0345,0.2644,2.2590
4,5,2,0.0345,1.1083,4.2768
4,6,2,0.0345,-0.5964,3.5099
4,7,2,0.0345,1.6044,2.9039
4,8,2,0.0345,0.4423,1.6158
4,9,2,0.0345,0.6530,3.2451
4,10,2,0.0345,-1.4467,2.2589
5,1,2,0.0345,-1.4150,3.6064
5,2,2,0.0345,-1.2662,3.9991
5,3,2,0.0345,1.4268,3.6564
5,4,2,0.0345,-0.3669,2.4509
5,5,2,0.0345,-0.8823,3.3128
5,6,2,0.0345,0.1812,3.4297
5,7,2,0.0345,-2.5106,2.4725
5,8,2,0.0345,2.6995,4.1507
5,9,2,0.0345,1.6394,3.6439
5,10,2,0.0345,-0.0606,2.0499
6,1,2,0.0345,-0.2261,4.0552
6,2,2,0.0345,0.5729,5.8537
6,3,2,0.0345,0.4308,4.8656
6,4,2,0.0345,0.3342,3.2150
6,5,2,0.0345,-0.0911,3.7788
6,6,2,0.0345,0.6353,4.6188
6,7,2,0.0345,0.2368,3.4898
6,8,2,0.0345,-0.3822,1.9972
6,9,2,0.0345,-0.5753,2.7171
6,10,2,0.0345,1.0768,3.1944
7,1,2,0.0345,0.0731,2.5319
7,2,2,0.0345,-0.0682,3.5034
7,3,2,0.0345,-0.7874,1.1161
7,4,2,0.0345,-0.4707,1.6064
7,5,2,0.0345,-0.1829,2.6304
7,6,2,0.0345,-0.2403,2.5062
7,7,2,0.0345,0.3387,1.5909
7,8,2,0.0345,0.1650,1.4910
7,9,2,0.0345,-0.0961,3.2953
7,10,2,0.0345,-0.2580,2.1752
8,1,2,0.0345,-0.1829,2.4771
8,2,2,0.0345,1.0402,3.4561
8,3,2,0.0345,-0.0883,1.0765
8,4,2,0.0345,1.8456,2.4023
8,5,2,0.0345,1.1082,2.4991
8,6,2,0.0345,-1.0158,2.3640
8,7,2,0.0345,-1.0355,1.6235
8,8,2,0.0345,2.2041,1.3263
8,9,2,0.0345,-1.0179,0.9923
8,10,2,0.0345,-2.2738,-0.5503
9,1,2,0.0345,1.0705,2.9761
9,2,2,0.0345,2.1052,3.5256
9,3,2,0.0345,-0.2720,1.2955
9,4,2,0.0345,0.3199,2.2169
9,5,2,0.0345,-0.4262,2.5694
9,6,2,0.0345,0.9966,2.4711
9,7,2,0.0345,1.0893,1.9542
9,8,2,0.0345,-3.3306,0.2127
9,9,2,0.0345,0.5152,1.6805
9,10,2,0.0345,-0.9889,1.2417
10,1,2,0.0345,1.1188,3.3158
10,2,2,0.0345,-1.2484,3.0015
10,3,2,0.0345,0.2995,2.5383
10,4,2,0.0345,-0.1834,1.0677
10,5,2,0.0345,-0.7120,2.1816
10,6,2,0.0345,-1.3831,3.4211
10,7,2,0.0345,-1.3649,1.0613
10,8,2,0.0345,-0.4799,2.7705
10,9,2,0.0345,-0.6504,2.1014
10,10,2,0.0345,1.8697,1.5009
1,1,3,0.0690,-0.1660,3.3281
1,2,3,0.0690,0.6426,5.4464
1,3,3,0.0690,-1.0220,2.9918
1,4,3,0.0690,-0.9741,2.8018
1,5,3,0.0690,-0.7728,3.1654
1,6,3,0.0690,0.3191,4.6978
1,7,3,0.0690,-0.5052,2.0742
1,8,3,0.0690,-0.8562,2.2505
1,9,3,0.0690,0.3606,4.4482
1,10,3,0.0690,-0.6656,4.4040
2,1,3,0.0690,-0.6257,4.7219
2,2,3,0.0690,-1.3472,4.6303
2,3,3,0.0690,-0.5674,3.3609
2,4,3,0.0690,-0.7702,3.7764
2,5,3,0.0690,-0.9915,3.2965
2,6,3,0.0690,0.3102,5.0235
2,7,3,0.0690,-0.3660,3.1189
2,8,3,0.0690,0.2557,2.2359
2,9,3,0.0690,1.2613,4.4828
2,10,3,0.0690,1.0265,2.9948
3,1,3,0.0690,-1.8117,2.6267
3,2,3,0.0690,0.1134,4.9532
3,3,3,0.0690,-0.7788,3.5428
3,4,3,0.0690,-0.1578,3.5125
3,5,3,0.0690,0.9845,4.1156
3,6,3,0.0690,0.3182,4.1738
3,7,3,0.0690,-0.1627,2.9415
3,8,3,0.0690,-0.1861,2.7254
3,9,3,0.0690,0.0057,2.9297
3,10,3,0.0690,-1.4663,1.7534
4,1,3,0.0690,-0.1526,4.9584
4,2,3,0.0690,1.1331,4.3863
4,3,3,0.0690,-0.7778,3.2760
4,4,3,0.0690,-0.0056,1.7504
4,5,3,0.0690,1.1724,3.7291
4,6,3,0.0690,1.9602,5.7046
4,7,3,0.0690,-2.1219,2.0138
4,8,3,0.0690,-0.3795,1.4398
4,9,3,0.0690,-0.9753,1.0785
4,10,3,0.0690,-0.6985,2.8556
5,1,3,0.0690,1.2940,4.6383
5,2,3,0.0690,0.0180,5.0702
5,3,3,0.0690,-0.0830,3.9206
5,4,3,0.0690,-0.9348,1.7509
5,5,3,0.0690,1.2567,5.2135
5,6,3,0.0690,-0.6415,3.4258
5,7,3,0.0690,-0.2645,2.0952
5,8,3,0.0690,0.3876,3.2748
5,9,3,0.0690,-0.3807,2.1788
5,10,3,0.0690,0.1732,2.0800
6,1,3,0.0690,-0.1929,4.1482
6,2,3,0.0690,-0.2188,6.1504
6,3,3,0.0690,-1.2728,2.7779
6,4,3,0.0690,-0.2599,3.4083
6,5,3,0.0690,2.4211,5.0513
6,6,3,0.0690,-0.4290,6.0100
6,7,3,0.0690,-0.5042,3.8870
6,8,3,0.0690,0.1564,3.1546
6,9,3,0.0690,0.0621,3.6999
6,10,3,0.0690,-0.9825,3.4517
7,1,3,0.0690,-0.6605,1.4732
7,2,3,0.0690,-0.8008,2.0325
7,3,3,0.0690,-0.0664,2.1597
7,4,3,0.0690,-1.5245,0.6661
7,5,3,0.0690,0.3394,2.8853
7,6,3,0.0690,-0.4220,2.3131
7,7,3,0.0690,0.0766,2.3450
7,8,3,0.0690,-0.1553,0.6467
7,9,3,0.0690,0.0353,1.2768
7,10,3,0.0690,-1.3481,-0.0504
8,1,3,0.0690,0.8182,2.5648
8,2,3,0.0690,0.2570,3.4198
8,3,3,0.0690,-1.0578,0.2821
8,4,3,0.0690,-0.8615,1.3417
8,5,3,0.0690,-2.3528,0.1391
8,6,3,0.0690,-0.2944,2.6607
8,7,3,0.0690,-0.2775,0.5948
8,8,3,0.0690,0.3949,1.7817
8,9,3,0.0690,-3.4207,-0.3870
8,10,3,0.0690,-2.9314,-0.9437
9,1,3,0.0690,0.9309,2.8514
9,2,3,0.0690,0.8776,4.3414
9,3,3,0.0690,0.1458,2.4072
9,4,3,0.0690,-1.5413,-0.0739
9,5,3,0.0690,-0.1902,1.9295
9,6,3,0.0690,1.8381,3.4133
9,7,3,0.0690,0.1673,1.6036
9,8,3,0.0690,-0.3661,-0.1936
9,9,3,0.0690,-0.5943,1.0710
9,10,3,0.0690,-1.6511,-0.0594
10,1,3,0.0690,0.2281,3.1120
10,2,3,0.0690,2.4247,5.8382
10,3,3,0.0690,-0.7199,1.6175
10,4,3,0.0690,-0.3373,0.9353
10,5,3,0.0690,0.5616,2.8469
10,6,3,0.0690,-1.5191,1.5147
10,7,3,0.0690,0.6268,1.2858
10,8,3,0.0690,0.0059,1.2543
10,9,3,0.0690,-1.2834,-0.2369
10,10,3,0.0690,0.0376,0.9770
1,1,4,0.1034,1.7872,6.6127
1,2,4,0.1034,-0.5055,4.7396
1,3,4,0.1034,-1.5076,2.2920
1,4,4,0.1034,0.7580,4.0370
1,5,4,0.1034,-0.9478,3.3937
1,6,4,0.1034,1.0647,5.4081
1,7,4,0.1034,-0.3261,3.2601
1,8,4,0.1034,1.2890,3.2105
1,9,4,0.1034,-0.1579,2.9921
1,10,4,0.1034,-0.7610,1.8172
2,1,4,0.1034,0.2724,5.7735
2,2,4,0.1034,-0.2345,5.6194
2,3,4,0.1034,-1.1715,3.1981
2,4,4,0.1034,-0.1449,3.1204
2,5,4,0.1034,-1.2424,3.0428
2,6,4,0.1034,-1.6164,2.7842
2,7,4,0.1034,0.1455,3.5278
2,8,4,0.1034,0.0418,2.4178
2,9,4,0.1034,1.5432,5.0556
2,10,4,0.1034,-1.0808,1.5370
3,1,4,0.1034,-0.0050,3.3352
3,2,4,0.1034,-1.0083,2.5720
3,3,4,0.1034,0.8532,3.1603
3,4,4,0.1034,0.7887,3.6963
3,5,4,0.1034,0.3216,4.4106
3,6,4,0.1034,1.9590,5.6978
3,7,4,0.1034,1.3811,3.8804
3,8,4,0.1034,-0.5111,2.0851
3,9,4,0.1034,0.6409,4.0163
3,10,4,0.1034,-0.3271,2.7894
4,1,4,0.1034,0.0771,4.1293
4,2,4,0.1034,-1.0614,3.0034
4,3,4,0.1034,-0.0400,3.0409
4,4,4,0.1034,1.6837,4.7495
4,5,4,0.1034,-0.7375,3.0705
4,6,4,0.1034,-1.6311,1.7011
4,7,4,0.1034,-0.4046,1.9544
4,8,4,0.1034,-0.0813,2.5916
4,9,4,0.1034,0.0951,2.4657
4,10,4,0.1034,-0.6717,1.5073
5,1,4,0.1034,-0.5152,3.8029
5,2,4,0.1034,1.7495,6.6493
5,3,4,0.1034,0.6064,3.4985
5,4,4,0.1034,0.0286,4.0431
5,5,4,0.1034,-0.3936,2.4993
5,6,4,0.1034,-1.8481,1.9438
5,7,4,0.1034,1.9892,5.8850
5,8,4,0.1034,-0.6574,1.8301
5,9,4,0.1034,-0.4630,3.2065
5,10,4,0.1034,1.7445,4.5696
6,1,4,0.1034,0.7763,5.2611
6,2,4,0.1034,0.5065,6.5855
6,3,4,0.1034,-1.5467,3.4522
6,4,4,0.1034,0.3543,3.4953
6,5,4,0.1034,-0.7136,3.6519
6,6,4,0.1034,2.1715,5.9915
6,7,4,0.1034,0.1281,4.6181
6,8,4,0.1034,0.8348,3.5485
6,9,4,0.1034,0.0531,3.0143
6,10,4,0.1034,1.3628,4.6477
7,1,4,0.1034,0.2554,3.7917
7,2,4,0.1034,-1.2677,1.8889
7,3,4,0.1034,-2.2717,-1.0966
7,4,4,0.1034,0.1484,2.3936
7,5,4,0.1034,-0.8617,1.3936
7,6,4,0.1034,2.0449,3.9586
7,7,4,0.1034,1.0858,2.2487
7,8,4,0.1034,0.1703,1.0124
7,9,4,0.1034,1.1196,1.6957
7,10,4,0.1034,-0.6567,0.6979
8,1,4,0.1034,-2.7923,-0.6277
8,2,4,0.1034,-0.6566,1.9577
8,3,4,0.1034,0.3246,2.8917
8,4,4,0.1034,-1.8904,0.3618
8,5,4,0.1034,-0.1126,2.0241
8,6,4,0.1034,0.6922,3.4888
8,7,4,0.1034,-1.2052,-0.6788
8,8,4,0.1034,0.1480,0.2800
8,9,4,0.1034,0.6942,2.0877
8,10,4,0.1034,-0.2054,1.0734
9,1,4,0.1034,2.1474,4.5625
9,2,4,0.1034,-0.9482,1.5732
9,3,4,0.1034,0.2878,1.6345
9,4,4,0.1034,-0.1449,2.2070
9,5,4,0.1034,0.3499,2.8714
9,6,4,0.1034,-0.3749,2.1831
9,7,4,0.1034,0.8453,2.1002
9,8,4,0.1034,0.7471,1.4490
9,9,4,0.1034,-1.4387,1.1069
9,10,4,0.1034,-0.8734,1.1127
10,1,4,0.1034,-1.0736,0.7189
10,2,4,0.1034,0.2198,3.5858
10,3,4,0.1034,0.3461,2.7799
10,4,4,0.1034,1.0827,2.4185
10,5,4,0.1034,1.0297,2.6871
10,6,4,0.1034,0.5857,3.6226
10,7,4,0.1034,0.2997,2.5434
10,8,4,0.1034,0.4305,1.5247
10,9,4,0.1034,1.2972,3.3549
10,10,4,0.1034,-1.3048,0.6662
1,1,5,0.1379,-0.5687,3.5686
1,2,5,0.1379,-1.4213,3.4796
1,3,5,0.1379,3.0699,6.7054
1,4,5,0.1379,0.4231,4.4102
1,5,5,0.1379,-0.5498,4.0682
1,6,5,0.1379,-1.8381,1.9667
1,7,5,0.1379,-1.1923,2.5637
1,8,5,0.1379,-0.4640,1.6953
1,9,5,0.1379,1.4146,5.7915
1,10,5,0.1379,1.5142,4.8453
2,1,5,0.1379,1.2712,5.9720
2,2,5,0.1379,-0.1475,4.4697
2,3,5,0.1379,-0.9990,2.8552
2,4,5,0.1379,1.7887,5.3251
2,5,5,0.1379,0.6569,4.6221
2,6,5,0.1379,-0.0055,5.1606
2,7,5,0.1379,-0.3288,4.1231
2,8,5,0.1379,0.9094,4.8127
2,9,5,0.1379,-0.7983,2.5537
2,10,5,0.1379,-0.7040,3.4045
3,1,5,0.1379,-0.3873,3.1969
3,2,5,0.1379,1.5144,4.1954
3,3,5,0.1379,0.0410,2.6908
3,4,5,0.1379,0.7600,4.7788
3,5,5,0.1379,1.6692,5.6562
3,6,5,0.1379,-0.5467,2.4046
3,7,5,0.1379,-0.9016,2.3926
3,8,5,0.1379,-1.5816,1.9750
3,9,5,0.1379,-1.4911,2.3202
3,10,5,0.1379,1.0234,3.1317
4,1,5,0.1379,0.4829,4.1505
4,2,5,0.1379,1.6128,6.7917
4,3,5,0.1379,-0.6025,1.8660
4,4,5,0.1379,-1.5336,1.2718
4,5,5,0.1379,-1.0056,2.7043
4,6,5,0.1379,0.8445,3.9553
4,7,5,0.1379,-0.6875,2.7450
4,8,5,0.1379,-0.7927,0.8658
4,9,5,0.1379,-1.0926,2.1104
4,10,5,0.1379,0.3522,2.5723
5,1,5,0.1379,0.7897,5.7208
5,2,5,0.1379,-0.0196,5.1033
5,3,5,0.1379,-1.3374,2.8407
5,4,5,0.1379,-1.1207,1.9474
5,5,5,0.1379,1.2454,5.9395
5,6,5,0.1379,0.3057,3.5862
5,7,5,0.1379,-0.4249,2.2541
5,8,5,0.1379,-1.2903,-0.0935
5,9,5,0.1379,0.1697,3.1261
5,10,5,0.1379,1.6433,6.2772
6,1,5,0.1379,-0.7663,3.3170
6,2,5,0.1379,-0.3522,5.0444
6,3,5,0.1379,0.0048,4.1429
6,4,5,0.1379,-1.2816,3.0495
6,5,5,0.1379,1.2188,5.0906
6,6,5,0.1379,1.1320,5.3841
6,7,5,0.1379,-2.3286,1.0572
6,8,5,0.1379,0.4930,3.5771
6,9,5,0.1379,-2.3194,0.7091
6,10,5,0.1379,0.2545,3.0987
7,1,5,0.1379,1.1866,4.0081
7,2,5,0.1379,0.4468,3.3717
7,3,5,0.1379,-0.2928,0.9286
7,4,5,0.1379,1.3505,3.5327
7,5,5,0.1379,-0.2225,2.1486
7,6,5,0.1379,-1.3216,1.9423
7,7,5,0.1379,0.0128,2.9314
7,8,5,0.1379,-0.7148,0.0195
7,9,5,0.1379,-0.4308,2.3861
7,10,5,0.1379,3.5761,5.8615
8,1,5,0.1379,-0.0798,2.5057
8,2,5,0.1379,-1.7601,1.3636
8,3,5,0.1379,0.2132,1.5708
8,4,5,0.1379,-1.1716,-0.9433
8,5,5,0.1379,2.0770,3.3797
8,6,5,0.1379,-1.7353,0.4466
8,7,5,0.1379,0.4179,1.1463
8,8,5,0.1379,0.6514,0.0304
8,9,5,0.1379,0.5429,1.9651
8,10,5,0.1379,0.0586,0.7783
9,1,5,0.1379,-1.6473,0.8569
9,2,5,0.1379,0.1789,4.0178
9,3,5,0.1379,0.1201,2.0906
9,4,5,0.1379,1.7312,3.4598
9,5,5,0.1379,1.3414,3.6224
9,6,5,0.1379,0.4399,3.4935
9,7,5,0.1379,1.1433,2.5238
9,8,5,0.1379,-1.6220,-0.3541
9,9,5,0.1379,-0.4832,1.7946
9,10,5,0.1379,1.4395,3.0316
10,1,5,0.1379,1.4814,3.0743
10,2,5,0.1379,0.9631,4.8994
10,3,5,0.1379,-0.5152,1.5307
10,4,5,0.1379,-0.0750,2.1039
10,5,5,0.1379,-0.5327,2.3735
10,6,5,0.1379,-2.1427,1.9067
10,7,5,0.1379,0.1940,2.0300
10,8,5,0.1379,0.2075,1.6033
10,9,5,0.1379,0.2594,1.3623
10,10,5,0.1379,-0.3304,0.7868
1,1,6,0.1724,-0.4504,4.4298
1,2,6,0.1724,-0.8484,4.8050
1,3,6,0.1724,-0.6986,2.9269
1,4,6,0.1724,-0.6572,3.5078
1,5,6,0.1724,-1.2446,3.0691
1,6,6,0.1724,0.8672,4.6431
1,7,6,0.1724,1.4370,5.7037
1,8,6,0.1724,0.9697,4.2783
1,9,6,0.1724,0.0250,3.3257
1,10,6,0.1724,-1.3880,1.6334
2,1,6,0.1724,-0.5189,3.6154
2,2,6,0.1724,-0.0697,4.1914
2,3,6,0.1724,-0.3741,2.3373
2,4,6,0.1724,-0.2345,3.2956
2,5,6,0.1724,-0.5188,3.3631
2,6,6,0.1724,0.3554,5.0339
2,7,6,0.1724,0.6810,5.8886
2,8,6,0.1724,-0.6161,1.1031
2,9,6,0.1724,1.9899,6.3342
2,10,6,0.1724,0.9633,5.0155
3,1,6,0.1724,0.6448,4.5382
3,2,6,0.1724,0.7270,5.2570
3,3,6,0.1724,-1.0080,2.1725
3,4,6,0.1724,0.5035,2.7294
3,5,6,0.1724,-0.1563,3.9748
3,6,6,0.1724,-0.2792,4.1773
3,7,6,0.1724,0.4800,3.9002
3,8,6,0.1724,-0.0269,2.3890
3,9,6,0.1724,1.5536,5.4063
3,10,6,0.1724,1.6498,5.0710
4,1,6,0.1724,1.4929,6.1146
4,2,6,0.1724,-0.3860,3.7132
4,3,6,0.1724,1.3235,4.9388
4,4,6,0.1724,0.0839,2.8478
4,5,6,0.1724,0.8057,4.2831
4,6,6,0.1724,-0.3601,2.5083
4,7,6,0.1724,1.7973,4.6633
4,8,6,0.1724,1.0090,4.3303
4,9,6,0.1724,-0.5032,1.9034
4,10,6,0.1724,1.2574,4.7454
5,1,6,0.1724,-0.4591,3.3724
5,2,6,0.1724,-0.4548,4.4724
5,3,6,0.1724,0.8047,3.8353
5,4,6,0.1724,-1.0397,1.4613
5,5,6,0.1724,-0.6400,3.4341
5,6,6,0.1724,0.0352,3.8529
5,7,6,0.1724,-0.0239,2.8135
5,8,6,0.1724,1.8073,4.8716
5,9,6,0.1724,-0.0170,3.3751
5,10,6,0.1724,1.1679,3.6050
6,1,6,0.1724,-0.9810,1.8920
6,2,6,0.1724,-0.2746,4.9175
6,3,6,0.1724,1.2326,6.5280
6,4,6,0.1724,-1.4477,1.3762
6,5,6,0.1724,0.5208,4.8831
6,6,6,0.1724,-0.7401,3.5548
6,7,6,0.1724,-1.3315,0.8206
6,8,6,0.1724,-1.4559,-0.2214
6,9,6,0.1724,0.2005,3.2978
6,10,6,0.1724,-1.6775,1.1267
7,1,6,0.1724,-0.4180,2.8327
7,2,6,0.1724,1.4373,4.5857
7,3,6,0.1724,0.9841,2.8860
7,4,6,0.1724,0.2689,2.4462
7,5,6,0.1724,-0.1989,3.1176
7,6,6,0.1724,-0.0539,1.5428
7,7,6,0.1724,0.9617,1.9739
7,8,6,0.1724,-0.8805,0.4041
7,9,6,0.1724,2.1174,5.0652
7,10,6,0.1724,0.4299,1.6364
8,1,6,0.1724,-0.4639,0.7317
8,2,6,0.1724,-0.9478,1.3702
8,3,6,0.1724,0.9287,2.7308
8,4,6,0.1724,0.1240,2.2113
8,5,6,0.1724,-0.4658,2.7588
8,6,6,0.1724,-1.6563,0.2380
8,7,6,0.1724,1.6616,3.2871
8,8,6,0.1724,1.2847,1.3081
8,9,6,0.1724,0.3955,1.4626
8,10,6,0.1724,-1.2293,-0.9758
9,1,6,0.1724,0.5583,3.1584
9,2,6,0.1724,0.7096,4.6038
9,3,6,0.1724,-0.4121,0.4209
9,4,6,0.1724,0.5873,3.0432
9,5,6,0.1724,0.4136,3.0745
9,6,6,0.1724,0.8424,3.5920
9,7,6,0.1724,0.7703,2.4390
9,8,6,0.1724,-1.5740,-0.8629
9,9,6,0.1724,-0.6671,1.1920
9,10,6,0.1724,-1.2011,0.0079
10,1,6,0.1724,0.8296,4.0749
10,2,6,0.1724,-1.1051,1.3454
10,3,6,0.1724,-0.8300,0.9323
10,4,6,0.1724,-0.2322,1.5655
10,5,6,0.1724,-0.9213,1.0983
10,6,6,0.1724,-0.6047,1.7028
10,7,6,0.1724,1.6560,3.7676
10,8,6,0.1724,-0.8895,-0.0255
10,9,6,0.1724,0.3121,3.0064
10,10,6,0.1724,-0.3175,0.9004
1,1,7,0.2069,1.7446,6.0926
1,2,7,0.2069,1.5145,6.7500
1,3,7,0.2069,1.1026,5.2341
1,4,7,0.2069,-0.9619,3.7405
1,5,7,0.2069,-0.4210,3.8159
1,6,7,0.2069,-0.4823,4.0838
1,7,7,0.2069,-1.7152,-1.1020
1,8,7,0.2069,0.7934,3.3585
1,9,7,0.2069,0.1651,5.1254
1,10,7,0.2069,0.7621,4.6661
2,1,7,0.2069,0.5101,5.8654
2,2,7,0.2069,-0.4741,4.2335
2,3,7,0.2069,-1.3766,1.6209
2,4,7,0.2069,-0.4726,3.6273
2,5,7,0.2069,-0.0643,4.0419
2,6,7,0.2069,-1.1190,2.9349
2,7,7,0.2069,-1.0952,1.7594
2,8,7,0.2069,1.9499,6.4488
2,9,7,0.2069,1.4877,4.6021
2,10,7,0.2069,0.0711,4.9487
3,1,7,0.2069,2.3906,7.1834
3,2,7,0.2069,1.0163,7.3703
3,3,7,0.2069,-0.3453,3.6571
3,4,7,0.2069,-0.2463,2.3564
3,5,7,0.2069,0.0681,3.4047
3,6,7,0.2069,-0.0569,4.3153
3,7,7,0.2069,1.9085,5.4770
3,8,7,0.2069,-0.2546,3.1451
3,9,7,0.2069,0.0625,4.1853
3,10,7,0.2069,-1.0285,0.5553
4,1,7,0.2069,0.6290,3.5768
4,2,7,0.2069,0.1996,4.5112
4,3,7,0.2069,0.9909,3.8382
4,4,7,0.2069,-1.7058,0.7276
4,5,7,0.2069,-1.1171,0.9820
4,6,7,0.2069,-0.3907,3.9338
4,7,7,0.2069,-1.3825,0.7975
4,8,7,0.2069,-2.1875,-2.6079
4,9,7,0.2069,-1.2419,0.3526
4,10,7,0.2069,1.0819,3.7783
5,1,7,0.2069,0.0406,5.0337
5,2,7,0.2069,1.6828,8.1883
5,3,7,0.2069,-1.3063,2.4194
5,4,7,0.2069,0.8095,4.5906
5,5,7,0.2069,0.1272,3.8690
5,6,7,0.2069,-0.3860,4.0334
5,7,7,0.2069,-1.4938,0.9048
5,8,7,0.2069,-0.5080,2.2872
5,9,7,0.2069,0.2999,2.8228
5,10,7,0.2069,0.5473,2.5248
6,1,7,0.2069,1.3736,6.0804
6,2,7,0.2069,-0.8747,4.5933
6,3,7,0.2069,0.6356,5.2073
6,4,7,0.2069,0.6859,3.5024
6,5,7,0.2069,0.2361,3.7646
6,6,7,0.2069,-0.8300,2.4800
6,7,7,0.2069,0.4317,2.7188
6,8,7,0.2069,0.2345,3.3637
6,9,7,0.2069,-0.7588,3.1470
6,10,7,0.2069,-1.2385,1.7393
7,1,7,0.2069,0.3979,3.2057
7,2,7,0.2069,-0.3395,3.2791
7,3,7,0.2069,0.9701,3.8786
7,4,7,0.2069,-0.2531,1.3661
7,5,7,0.2069,-0.9348,1.2200
7,6,7,0.2069,-0.6943,2.5993
7,7,7,0.2069,1.2547,3.1153
7,8,7,0.2069,-0.8349,-0.3759
7,9,7,0.2069,-1.8914,-0.1129
7,10,7,0.2069,-0.6003,0.6827
8,1,7,0.2069,-0.0490,2.6787
8,2,7,0.2069,0.4027,3.2281
8,3,7,0.2069,0.5824,2.1398
8,4,7,0.2069,-0.8106,0.6405
8,5,7,0.2069,0.1058,1.6844
8,6,7,0.2069,1.2365,4.3295
8,7,7,0.2069,0.5248,2.6104
8,8,7,0.2069,-1.2808,-0.6041
8,9,7,0.2069,-2.1554,-2.5266
8,10,7,0.2069,-0.7173,0.1663
9,1,7,0.2069,-1.0302,0.8372
9,2,7,0.2069,1.1932,5.1609
9,3,7,0.2069,0.8224,3.3965
9,4,7,0.2069,-0.2076,1.3396
9,5,7,0.2069,-1.9316,-0.6068
9,6,7,0.2069,-0.7120,1.1141
9,7,7,0.2069,-0.2494,1.6627
9,8,7,0.2069,0.2277,1.8790
9,9,7,0.2069,1.3014,3.2627
9,10,7,0.2069,-0.5778,-0.5963
10,1,7,0.2069,-0.3425,2.0131
10,2,7,0.2069,-0.4797,2.9363
10,3,7,0.2069,1.3042,3.5694
10,4,7,0.2069,0.2323,2.7330
10,5,7,0.2069,-0.1810,1.1945
10,6,7,0.2069,-0.8458,1.2760
10,7,7,0.2069,-0.4865,0.8052
10,8,7,0.2069,1.0117,2.6056
10,9,7,0.2069,1.0617,3.4722
10,10,7,0.2069,0.3613,1.1413
1,1,8,0.2414,0.8187,5.1739
1,2,8,0.2414,-2.1572,2.5766
1,3,8,0.2414,0.6909,4.6791
1,4,8,0.2414,-0.0462,4.3463
1,5,8,0.2414,-0.9323,2.3384
1,6,8,0.2414,-0.4134,3.8646
1,7,8,0.2414,1.0038,5.1167
1,8,8,0.2414,0.1824,3.7898
1,9,8,0.2414,0.2921,3.2954
1,10,8,0.2414,1.2443,5.5030
2,1,8,0.2414,-0.4724,3.7429
2,2,8,0.2414,-0.4619,3.0305
2,3,8,0.2414,-1.2323,1.9755
2,4,8,0.2414,-3.6729,-1.4843
2,5,8,0.2414,1.5915,6.6784
2,6,8,0.2414,0.1326,5.0101
2,7,8,0.2414,0.1991,3.5304
2,8,8,0.2414,0.2976,2.7288
2,9,8,0.2414,0.0495,3.9745
2,10,8,0.2414,0.7478,4.5501
3,1,8,0.2414,0.6276,5.0704
3,2,8,0.2414,0.0458,4.7580
3,3,8,0.2414,0.0641,3.9791
3,4,8,0.2414,-0.1368,2.5032
3,5,8,0.2414,-0.4133,2.9710
3,6,8,0.2414,-0.4164,3.3293
3,7,8,0.2414,-0.7439,2.0461
3,8,8,0.2414,-0.2823,2.7128
3,9,8,0.2414,1.6819,5.8301
3,10,8,0.2414,0.3272,3.2899
4,1,8,0.2414,-0.3431,3.1826
4,2,8,0.2414,0.8595,6.0320
4,3,8,0.2414,0.5901,3.6950
4,4,8,0.2414,0.1018,2.8795
4,5,8,0.2414,0.2443,3.8072
4,6,8,0.2414,2.0770,6.2496
4,7,8,0.2414,2.5555,5.5574
4,8,8,0.2414,0.2034,3.6790
4,9,8,0.2414,-0.1050,2.2467
4,10,8,0.2414,0.6796,2.6052
5,1,8,0.2414,-0.8783,2.8132
5,2,8,0.2414,0.3490,4.3681
5,3,8,0.2414,1.5312,5.8473
5,4,8,0.2414,1.7095,5.5573
5,5,8,0.2414,-0.3464,4.0181
5,6,8,0.2414,1.1969,7.1100
5,7,8,0.2414,0.1021,2.7129
5,8,8,0.2414,-0.1285,2.0010
5,9,8,0.2414,-1.9271,-0.1337
5,10,8,0.2414,-0.2725,2.2455
6,1,8,0.2414,0.2568,5.4216
6,2,8,0.2414,-0.4623,4.1686
6,3,8,0.2414,-0.0323,3.9965
6,4,8,0.2414,1.5405,5.6525
6,5,8,0.2414,1.7750,6.8956
6,6,8,0.2414,-0.8796,2.9335
6,7,8,0.2414,-0.7977,3.5689
6,8,8,0.2414,-0.9076,1.3424
6,9,8,0.2414,-0.2947,3.7049
6,10,8,0.2414,-0.9361,1.4829
7,1,8,0.2414,-1.6637,0.8913
7,2,8,0.2414,-2.5581,-2.0014
7,3,8,0.2414,-1.0501,0.6552
7,4,8,0.2414,0.6632,3.8819
7,5,8,0.2414,1.1074,3.6339
7,6,8,0.2414,2.3433,6.6661
7,7,8,0.2414,0.1366,0.7275
7,8,8,0.2414,-0.1200,0.3446
7,9,8,0.2414,0.4849,2.9030
7,10,8,0.2414,-1.3240,-1.0500
8,1,8,0.2414,0.5200,2.4046
8,2,8,0.2414,0.9834,4.2965
8,3,8,0.2414,0.0243,1.6850
8,4,8,0.2414,-0.0769,0.5627
8,5,8,0.2414,0.7635,3.4132
8,6,8,0.2414,0.1443,2.3342
8,7,8,0.2414,-0.3892,0.7325
8,8,8,0.2414,0.6489,1.0038
8,9,8,0.2414,1.0490,3.1690
8,10,8,0.2414,-0.0609,1.2635
9,1,8,0.2414,-0.1786,1.7404
9,2,8,0.2414,-0.6456,2.2451
9,3,8,0.2414,-0.3855,0.9137
9,4,8,0.2414,0.4525,3.0281
9,5,8,0.2414,-1.4060,0.2324
9,6,8,0.2414,-0.1316,2.3023
9,7,8,0.2414,-0.7913,1.4957
9,8,8,0.2414,0.1302,0.8985
9,9,8,0.2414,1.7040,4.4862
9,10,8,0.2414,0.3231,2.0352
10,1,8,0.2414,0.9011,3.4126
10,2,8,0.2414,-0.1958,3.5985
10,3,8,0.2414,-1.5535,-0.6950
10,4,8,0.2414,0.5031,2.0778
10,5,8,0.2414,-1.2592,1.2018
10,6,8,0.2414,0.9395,4.5831
10,7,8,0.2414,-0.9165,0.2749
10,8,8,0.2414,-1.1457,-0.5430
10,9,8,0.2414,-0.0613,1.2962
10,10,8,0.2414,-0.7632,-0.1097
1,1,9,0.2759,0.1023,4.7480
1,2,9,0.2759,0.6637,6.4855
1,3,9,0.2759,1.2762,5.7806
1,4,9,0.2759,-0.3169,3.0101
1,5,9,0.2759,-0.5258,3.5741
1,6,9,0.2759,0.3726,5.3261
1,7,9,0.2759,-0.8641,2.0136
1,8,9,0.2759,0.1046,2.5071
1,9,9,0.2759,-0.1023,4.4650
1,10,9,0.2759,0.6741,3.1881
2,1,9,0.2759,0.9406,5.4280
2,2,9,0.2759,-0.7085,4.3377
2,3,9,0.2759,-0.4975,2.3883
2,4,9,0.2759,-0.2408,3.7503
2,5,9,0.2759,1.9816,7.8960
2,6,9,0.2759,-0.6727,4.5208
2,7,9,0.2759,0.8699,5.1934
2,8,9,0.2759,0.5064,3.1800
2,9,9,0.2759,1.4530,4.9198
2,10,9,0.2759,1.5898,4.8336
3,1,9,0.2759,0.2749,4.6220
3,2,9,0.2759,-0.0855,4.1544
3,3,9,0.2759,1.7461,5.5998
3,4,9,0.2759,-1.0750,2.7344
3,5,9,0.2759,1.0503,5.3838
3,6,9,0.2759,-0.1580,3.4689
3,7,9,0.2759,0.9152,3.4831
3,8,9,0.2759,-0.2220,2.2704
3,9,9,0.2759,-0.7616,1.7299
3,10,9,0.2759,2.1257,6.3296
4,1,9,0.2759,-0.7131,2.3079
4,2,9,0.2759,1.8743,8.3102
4,3,9,0.2759,-0.1329,2.6696
4,4,9,0.2759,0.8416,3.9223
4,5,9,0.2759,1.0406,4.3746
4,6,9,0.2759,-0.1315,4.5182
4,7,9,0.2759,0.4463,2.3972
4,8,9,0.2759,-0.7441,1.4927
4,9,9,0.2759,0.9300,5.8411
4,10,9,0.2759,0.2332,2.5446
5,1,9,0.2759,-0.8543,1.9113
5,2,9,0.2759,-0.1977,4.6238
5,3,9,0.2759,1.1405,5.6772
5,4,9,0.2759,-2.4486,-0.9584
5,5,9,0.2759,0.9288,5.5582
5,6,9,0.2759,-1.2767,2.2304
5,7,9,0.2759,0.4010,3.1107
5,8,9,0.2759,-0.3123,2.7354
5,9,9,0.2759,0.7277,3.6511
5,10,9,0.2759,-0.1411,2.6172
6,1,9,0.2759,0.4471,5.0009
6,2,9,0.2759,0.1240,5.1923
6,3,9,0.2759,-1.3765,2.2519
6,4,9,0.2759,-0.6342,2.1675
6,5,9,0.2759,0.5160,5.9325
6,6,9,0.2759,-1.0944,3.5040
6,7,9,0.2759,-1.5809,1.5304
6,8,9,0.2759,1.3962,3.9358
6,9,9,0.2759,0.7161,4.4006
6,10,9,0.2759,0.2077,2.9157
7,1,9,0.2759,0.9327,5.1198
7,2,9,0.2759,0.1633,5.0040
7,3,9,0.2759,-0.5083,2.2337
7,4,9,0.2759,-1.2867,0.0441
7,5,9,0.2759,-0.4622,2.2075
7,6,9,0.2759,-0.3719,3.0559
7,7,9,0.2759,-0.3440,1.4511
7,8,9,0.2759,0.9621,1.7200
7,9,9,0.2759,0.1473,2.2858
7,10,9,0.2759,0.1374,1.9328
8,1,9,0.2759,0.4857,2.8060
8,2,9,0.2759,0.6415,4.1552
8,3,9,0.2759,0.8463,3.0439
8,4,9,0.2759,0.1635,2.0926
8,5,9,0.2759,0.3079,1.6475
8,6,9,0.2759,1.2696,4.7161
8,7,9,0.2759,-0.0777,0.4029
8,8,9,0.2759,0.6461,1.7581
8,9,9,0.2759,-0.5092,-0.0475
8,10,9,0.2759,1.2378,2.5706
9,1,9,0.2759,-0.6079,0.5763
9,2,9,0.2759,1.7844,5.7455
9,3,9,0.2759,-0.6226,0.7015
9,4,9,0.2759,-1.0116,0.3756
9,5,9,0.2759,1.3575,4.4517
9,6,9,0.2759,0.3271,3.1946
9,7,9,0.2759,1.2605,2.8644
9,8,9,0.2759,0.1029,1.5792
9,9,9,0.2759,-1.4971,-1.0021
9,10,9,0.2759,1.2005,3.2133
10,1,9,0.2759,1.4249,4.4699
10,2,9,0.2759,0.5604,4.7961
10,3,9,0.2759,0.3872,1.9748
10,4,9,0.2759,-0.7221,1.8779
10,5,9,0.2759,-1.0897,1.3172
10,6,9,0.2759,-0.8919,1.5817
10,7,9,0.2759,-1.2920,0.2666
10,8,9,0.2759,0.8327,2.4973
10,9,9,0.2759,0.2330,2.3930
10,10,9,0.2759,0.5001,1.9160
1,1,10,0.3103,-0.3341,3.8538
1,2,10,0.3103,0.0375,4.2363
1,3,10,0.3103,-0.5057,3.9976
1,4,10,0.3103,1.8847,6.2401
1,5,10,0.3103,-0.2813,4.1216
1,6,10,0.3103,-0.8094,4.1031
1,7,10,0.3103,0.9114,4.0719
1,8,10,0.3103,-0.4836,2.4522
1,9,10,0.3103,-1.0141,1.2562
1,10,10,0.3103,0.7289,4.5650
2,1,10,0.3103,-0.8306,3.2364
2,2,10,0.3103,0.6728,6.7426
2,3,10,0.3103,0.4302,4.3923
2,4,10,0.3103,0.4579,3.9558
2,5,10,0.3103,1.7215,6.8840
2,6,10,0.3103,0.3128,4.8223
2,7,10,0.3103,0.9476,4.8056
2,8,10,0.3103,0.0140,3.0117
2,9,10,0.3103,1.2951,5.4805
2,10,10,0.3103,0.1835,3.4871
3,1,10,0.3103,-1.0690,3.3878
3,2,10,0.3103,-1.5277,2.8628
3,3,10,0.3103,-0.0822,3.5591
3,4,10,0.3103,0.0808,2.6332
3,5,10,0.3103,1.4084,5.6827
3,6,10,0.3103,-0.4757,2.4537
3,7,10,0.3103,0.2130,2.3555
3,8,10,0.3103,-0.6765,2.7436
3,9,10,0.3103,2.1252,6.3474
3,10,10,0.3103,-0.3440,3.2468
4,1,10,0.3103,-0.1130,4.4258
4,2,10,0.3103,-1.1771,3.1169
4,3,10,0.3103,1.3523,5.6535
4,4,10,0.3103,-1.1547,1.5111
4,5,10,0.3103,0.0103,4.0176
4,6,10,0.3103,0.1770,3.9275
4,7,10,0.3103,-0.1975,1.5470
4,8,10,0.3103,0.0878,2.0679
4,9,10,0.3103,1.0587,5.0649
4,10,10,0.3103,1.3995,5.6252
5,1,10,0.3103,1.0609,5.8010
5,2,10,0.3103,0.7116,6.4820
5,3,10,0.3103,1.4238,6.0029
5,4,10,0.3103,0.0916,2.6956
5,5,10,0.3103,-0.4158,2.7930
5,6,10,0.3103,1.1990,4.9581
5,7,10,0.3103,-1.1624,1.3439
5,8,10,0.3103,-1.5551,0.6548
5,9,10,0.3103,0.5880,4.8494
5,10,10,0.3103,1.8041,5.6002
6,1,10,0.3103,-0.6845,3.0792
6,2,10,0.3103,0.0421,6.0030
6,3,10,0.3103,-1.2580,1.6743
6,4,10,0.3103,0.0277,4.6546
6,5,10,0.3103,-0.8714,2.2613
6,6,10,0.3103,0.7363,5.4967
6,7,10,0.3103,-0.3661,2.9847
6,8,10,0.3103,-0.5705,2.2803
6,9,10,0.3103,1.9529,7.0383
6,10,10,0.3103,-0.5137,1.5544
7,1,10,0.3103,-1.0663,0.7908
7,2,10,0.3103,-0.2102,3.1095
7,3,10,0.3103,0.8704,3.9998
7,4,10,0.3103,2.2462,5.4471
7,5,10,0.3103,0.3445,2.5240
7,6,10,0.3103,-1.2304,1.3726
7,7,10,0.3103,-0.4244,0.7970
7,8,10,0.3103,-0.2889,2.0688
7,9,10,0.3103,1.8614,2.7013
7,10,10,0.3103,0.5416,1.3809
8,1,10,0.3103,0.4882,3.2105
8,2,10,0.3103,-1.2215,0.2583
8,3,10,0.3103,1.3894,2.1310
8,4,10,0.3103,-0.2773,1.5024
8,5,10,0.3103,0.7536,3.0495
8,6,10,0.3103,0.2443,3.1246
8,7,10,0.3103,-0.8990,1.2311
8,8,10,0.3103,-0.9704,-0.8226
8,9,10,0.3103,-0.0818,1.5229
8,10,10,0.3103,0.5644,0.9917
9,1,10,0.3103,1.3915,4.7835
9,2,10,0.3103,0.1557,2.9395
9,3,10,0.3103,-0.4330,1.7299
9,4,10,0.3103,-0.6743,0.8458
9,5,10,0.3103,0.2551,1.7290
9,6,10,0.3103,-0.0043,2.1822
9,7,10,0.3103,0.1068,3.1315
9,8,10,0.3103,0.5914,1.3513
9,9,10,0.3103,0.8659,2.0420
9,10,10,0.3103,0.5030,1.8520
10,1,10,0.3103,1.1221,4.4252
10,2,10,0.3103,1.2476,5.1768
10,3,10,0.3103,-0.8449,1.1615
10,4,10,0.3103,-0.5899,1.1508
10,5,10,0.3103,-0.4339,1.5769
10,6,10,0.3103,-0.8040,1.3260
10,7,10,0.3103,0.5579,2.2273
10,8,10,0.3103,0.7770,2.7303
10,9,10,0.3103,-0.3970,0.4762
10,10,10,0.3103,0.6201,3.3759
1,1,11,0.3448,1.4239,6.4678
1,2,11,0.3448,-0.7365,4.7313
1,3,11,0.3448,-0.7051,1.5312
1,4,11,0.3448,-0.3204,2.8649
1,5,11,0.3448,-0.6067,3.9374
1,6,11,0.3448,-0.6751,3.9898
1,7,11,0.3448,-0.6147,2.9085
1,8,11,0.3448,1.5452,4.4913
1,9,11,0.3448,0.5368,3.9757
1,10,11,0.3448,1.0587,4.7570
2,1,11,0.3448,0.6028,5.8057
2,2,11,0.3448,-0.8186,4.3460
2,3,11,0.3448,-1.2088,2.5899
2,4,11,0.3448,-1.6298,0.8808
2,5,11,0.3448,-2.1247,2.3070
2,6,11,0.3448,-1.6735,1.8843
2,7,11,0.3448,0.2669,3.8116
2,8,11,0.3448,0.1730,2.9861
2,9,11,0.3448,-0.1401,3.1988
2,10,11,0.3448,-0.0339,4.0366
3,1,11,0.3448,-0.2611,4.0483
3,2,11,0.3448,-1.0874,2.6073
3,3,11,0.3448,0.9617,4.3584
3,4,11,0.3448,0.0225,2.5011
3,5,11,0.3448,0.2584,4.0636
3,6,11,0.3448,-1.3647,1.8490
3,7,11,0.3448,-1.3063,0.4524
3,8,11,0.3448,0.8335,2.9990
3,9,11,0.3448,0.5836,2.2185
3,10,11,0.3448,0.9845,4.4180
4,1,11,0.3448,-0.1550,3.8153
4,2,11,0.3448,-1.4566,2.0268
4,3,11,0.3448,-0.0201,2.5583
4,4,11,0.3448,1.1593,3.5199
4,5,11,0.3448,0.5102,4.0411
4,6,11,0.3448,0.0178,4.0878
4,7,11,0.3448,-1.8246,-0.3939
4,8,11,0.3448,0.2662,1.7841
4,9,11,0.3448,0.5479,3.9210
4,10,11,0.3448,-0.4547,1.6533
5,1,11,0.3448,-0.2387,4.6082
5,2,11,0.3448,-0.9632,3.8444
5,3,11,0.3448,-0.3319,1.9388
5,4,11,0.3448,-0.2965,2.0906
5,5,11,0.3448,-0.5064,3.5774
5,6,11,0.3448,-0.6435,2.4841
5,7,11,0.3448,-1.2418,0.9030
5,8,11,0.3448,0.2144,3.0661
5,9,11,0.3448,-0.8671,2.8554
5,10,11,0.3448,1.8695,4.2995
6,1,11,0.3448,-1.3320,3.1013
6,2,11,0.3448,-0.9240,3.6166
6,3,11,0.3448,-0.0431,2.1755
6,4,11,0.3448,-0.3958,3.4657
6,5,11,0.3448,-0.1203,3.7886
6,6,11,0.3448,-2.7596,1.0323
6,7,11,0.3448,-1.8957,1.5526
6,8,11,0.3448,0.6105,4.1389
6,9,11,0.3448,-0.0975,2.9208
6,10,11,0.3448,-0.6193,1.7515
7,1,11,0.3448,-0.1857,2.9620
7,2,11,0.3448,0.4241,5.0210
7,3,11,0.3448,0.3026,2.2348
7,4,11,0.3448,-0.0450,2.0541
7,5,11,0.3448,-1.0214,0.9711
7,6,11,0.3448,2.2517,5.5670
7,7,11,0.3448,-1.3392,0.1801
7,8,11,0.3448,-0.9013,-0.4778
7,9,11,0.3448,-1.7877,-1.4581
7,10,11,0.3448,-0.6258,1.1026
8,1,11,0.3448,-1.9299,-0.0580
8,2,11,0.3448,-0.9937,1.8413
8,3,11,0.3448,0.3498,2.7333
8,4,11,0.3448,-0.3263,-0.3349
8,5,11,0.3448,-0.4946,1.3720
8,6,11,0.3448,-0.9270,1.2010
8,7,11,0.3448,0.3454,1.6759
8,8,11,0.3448,-0.0974,-0.4938
8,9,11,0.3448,-0.2864,1.5483
8,10,11,0.3448,-0.5731,0.1469
9,1,11,0.3448,0.5694,3.8062
9,2,11,0.3448,-1.5925,1.1808
9,3,11,0.3448,1.0438,3.8846
9,4,11,0.3448,-0.3742,1.7261
9,5,11,0.3448,-1.2835,0.4840
9,6,11,0.3448,1.1169,3.4474
9,7,11,0.3448,0.1341,2.3908
9,8,11,0.3448,0.0719,0.2402
9,9,11,0.3448,-0.0846,1.1487
9,10,11,0.3448,-1.2489,-0.2938
10,1,11,0.3448,0.7590,4.2556
10,2,11,0.3448,-0.7660,2.9537
10,3,11,0.3448,-2.4298,-1.0500
10,4,11,0.3448,-0.9105,-0.3504
10,5,11,0.3448,-0.6980,1.0919
10,6,11,0.3448,0.8281,4.8085
10,7,11,0.3448,-0.9566,0.7288
10,8,11,0.3448,-1.0844,-0.0494
10,9,11,0.3448,0.4477,2.2609
10,10,11,0.3448,1.5534,2.9601
1,1,12,0.3793,0.5084,4.6524
1,2,12,0.3793,0.3035,5.5561
1,3,12,0.3793,0.0704,3.9176
1,4,12,0.3793,-0.6138,2.8040
1,5,12,0.3793,-0.2143,4.2580
1,6,12,0.3793,1.6635,6.6607
1,7,12,0.3793,0.6004,3.4339
1,8,12,0.3793,0.0007,2.5822
1,9,12,0.3793,-1.1490,3.0427
1,10,12,0.3793,-0.2991,2.6714
2,1,12,0.3793,0.0265,4.2098
2,2,12,0.3793,0.8867,5.4695
2,3,12,0.3793,0.4157,3.0869
2,4,12,0.3793,-0.1374,3.7983
2,5,12,0.3793,0.0636,3.5712
2,6,12,0.3793,0.8819,5.5808
2,7,12,0.3793,-0.1202,2.7404
2,8,12,0.3793,-0.8991,2.4567
2,9,12,0.3793,-2.2015,0.7957
2,10,12,0.3793,0.5809,3.5999
3,1,12,0.3793,0.3104,4.6114
3,2,12,0.3793,0.1963,5.1334
3,3,12,0.3793,-0.8878,2.6176
3,4,12,0.3793,0.9063,3.2265
3,5,12,0.3793,-1.7843,1.6864
3,6,12,0.3793,0.0584,3.4348
3,7,12,0.3793,-0.2860,2.3018
3,8,12,0.3793,0.2540,2.9868
3,9,12,0.3793,-0.3561,1.8371
3,10,12,0.3793,0.0223,2.2963
4,1,12,0.3793,-0.8525,2.4915
4,2,12,0.3793,-0.1615,3.5688
4,3,12,0.3793,-1.1785,2.6543
4,4,12,0.3793,-0.3217,1.6797
4,5,12,0.3793,-0.6590,2.1545
4,6,12,0.3793,0.4170,3.9619
4,7,12,0.3793,0.8905,3.0000
4,8,12,0.3793,-1.9081,0.6240
4,9,12,0.3793,-0.9160,1.9792
4,10,12,0.3793,-1.8386,0.7602
5,1,12,0.3793,-1.1070,3.8422
5,2,12,0.3793,-0.9876,3.5578
5,3,12,0.3793,1.4499,4.9350
5,4,12,0.3793,-0.1698,2.8915
5,5,12,0.3793,-0.9567,3.5272
5,6,12,0.3793,-1.6778,1.4890
5,7,12,0.3793,1.5813,4.6501
5,8,12,0.3793,0.2847,3.6064
5,9,12,0.3793,-0.3554,1.6433
5,10,12,0.3793,-0.1749,2.5680
6,1,12,0.3793,0.3238,5.2909
6,2,12,0.3793,0.5823,5.1991
6,3,12,0.3793,1.8528,4.3013
6,4,12,0.3793,-1.2689,2.8484
6,5,12,0.3793,0.8959,4.7761
6,6,12,0.3793,0.7842,5.3782
6,7,12,0.3793,-2.2672,0.3858
6,8,12,0.3793,-0.7220,3.6065
6,9,12,0.3793,0.8746,5.6290
6,10,12,0.3793,0.3357,3.0518
7,1,12,0.3793,-0.7379,2.1436
7,2,12,0.3793,1.5137,5.0306
7,3,12,0.3793,0.7876,2.4969
7,4,12,0.3793,-0.9811,0.6888
7,5,12,0.3793,-1.3294,0.6833
7,6,12,0.3793,0.8047,3.8726
7,7,12,0.3793,-0.1448,0.7650
7,8,12,0.3793,0.1518,0.8475
7,9,12,0.3793,0.4689,2.5878
7,10,12,0.3793,0.9351,1.0188
8,1,12,0.3793,0.7877,2.9601
8,2,12,0.3793,1.7211,4.1087
8,3,12,0.3793,-1.2114,-0.4811
8,4,12,0.3793,0.3911,1.8330
8,5,12,0.3793,0.0028,2.3867
8,6,12,0.3793,0.1891,2.2824
8,7,12,0.3793,0.2014,0.8376
8,8,12,0.3793,0.3292,0.5542
8,9,12,0.3793,0.9417,3.2314
8,10,12,0.3793,0.0894,0.3695
9,1,12,0.3793,-1.9078,1.2491
9,2,12,0.3793,-1.1826,2.4505
9,3,12,0.3793,-0.2095,1.6621
9,4,12,0.3793,1.5198,2.7780
9,5,12,0.3793,-1.6687,0.9876
9,6,12,0.3793,1.3319,4.3293
9,7,12,0.3793,-0.0941,1.8704
9,8,12,0.3793,0.1628,1.1100
9,9,12,0.3793,-0.9014,0.2711
9,10,12,0.3793,1.8095,4.1972
10,1,12,0.3793,1.5539,5.0824
10,2,12,0.3793,1.3010,4.2467
10,3,12,0.3793,0.2304,1.7745
10,4,12,0.3793,-2.1763,-0.0770
10,5,12,0.3793,0.2379,2.6270
10,6,12,0.3793,1.1811,4.4171
10,7,12,0.3793,0.5616,2.3767
10,8,12,0.3793,0.9425,2.7699
10,9,12,0.3793,0.6265,3.3776
10,10,12,0.3793,-0.7946,1.2274
1,1,13,0.4138,0.2035,4.6118
1,2,13,0.4138,0.3348,5.1292
1,3,13,0.4138,-0.8615,3.3074
1,4,13,0.4138,-0.2311,4.1127
1,5,13,0.4138,0.5797,3.2291
1,6,13,0.4138,0.2411,3.6978
1,7,13,0.4138,-1.0605,2.4503
1,8,13,0.4138,0.1624,3.1285
1,9,13,0.4138,1.5093,4.8507
1,10,13,0.4138,-1.1006,2.7291
2,1,13,0.4138,-0.2123,5.1713
2,2,13,0.4138,1.3852,5.9428
2,3,13,0.4138,0.0454,3.2761
2,4,13,0.4138,0.3466,3.5229
2,5,13,0.4138,0.9714,4.9940
2,6,13,0.4138,1.1959,5.6230
2,7,13,0.4138,0.4699,3.5153
2,8,13,0.4138,0.2706,3.5540
2,9,13,0.4138,0.9928,3.7094
2,10,13,0.4138,1.6630,3.5315
3,1,13,0.4138,0.0883,5.2428
3,2,13,0.4138,-1.1587,2.7632
3,3,13,0.4138,0.1725,4.2634
3,4,13,0.4138,0.2973,3.8862
3,5,13,0.4138,0.7529,3.5582
3,6,13,0.4138,-1.8111,2.5853
3,7,13,0.4138,-0.6069,2.1740
3,8,13,0.4138,-1.0130,2.5878
3,9,13,0.4138,-2.0871,1.8549
3,10,13,0.4138,-0.4920,1.7688
4,1,13,0.4138,0.4522,3.7393
4,2,13,0.4138,-0.5122,4.3460
4,3,13,0.4138,1.0946,3.2125
4,4,13,0.4138,-1.1540,2.2698
4,5,13,0.4138,2.0528,5.0901
4,6,13,0.4138,0.4757,4.2207
4,7,13,0.4138,-0.0305,1.5428
4,8,13,0.4138,-0.8785,2.0388
4,9,13,0.4138,-0.2179,2.8939
4,10,13,0.4138,0.6809,3.2040
5,1,13,0.4138,-0.3924,2.9831
5,2,13,0.4138,1.7136,5.4140
5,3,13,0.4138,-0.0139,2.9341
5,4,13,0.4138,-0.0662,2.1627
5,5,13,0.4138,1.9266,4.5259
5,6,13,0.4138,-1.8704,2.6748
5,7,13,0.4138,-0.1433,3.0715
5,8,13,0.4138,-0.2295,3.0255
5,9,13,0.4138,-0.1640,2.2949
5,10,13,0.4138,1.7293,3.6332
6,1,13,0.4138,0.5973,4.7653
6,2,13,0.4138,-0.4667,5.5453
6,3,13,0.4138,-0.1424,4.3650
6,4,13,0.4138,0.7043,3.6832
6,5,13,0.4138,1.1978,5.4755
6,6,13,0.4138,-1.3315,3.4357
6,7,13,0.4138,0.5817,2.8389
6,8,13,0.4138,-1.1110,1.2918
6,9,13,0.4138,-1.2159,3.4275
6,10,13,0.4138,-0.4591,1.7918
7,1,13,0.4138,0.2759,1.3917
7,2,13,0.4138,1.0681,4.6865
7,3,13,0.4138,1.2791,3.0335
7,4,13,0.4138,0.2472,2.6477
7,5,13,0.4138,0.1981,2.5499
7,6,13,0.4138,4.4021,6.2639
7,7,13,0.4138,-0.3280,1.2431
7,8,13,0.4138,0.2727,0.4870
7,9,13,0.4138,-0.1365,2.0240
7,10,13,0.4138,-0.0700,1.8112
8,1,13,0.4138,-1.7836,0.4011
8,2,13,0.4138,-0.1802,2.6062
8,3,13,0.4138,-0.3383,2.1925
8,4,13,0.4138,-2.4013,-1.2122
8,5,13,0.4138,-1.6280,0.4915
8,6,13,0.4138,-0.7674,0.9174
8,7,13,0.4138,-0.4008,-0.4622
8,8,13,0.4138,0.0661,-0.1790
8,9,13,0.4138,0.1382,1.2453
8,10,13,0.4138,-0.8865,1.1673
9,1,13,0.4138,0.6846,3.2088
9,2,13,0.4138,1.5570,4.7834
9,3,13,0.4138,0.9183,3.4162
9,4,13,0.4138,1.3028,3.1936
9,5,13,0.4138,2.4121,3.7766
9,6,13,0.4138,0.5379,2.6495
9,7,13,0.4138,0.2223,2.1847
9,8,13,0.4138,0.4905,1.9840
9,9,13,0.4138,-1.4923,1.1108
9,10,13,0.4138,-0.0880,1.6879
10,1,13,0.4138,-1.4853,1.1699
10,2,13,0.4138,0.5861,3.1154
10,3,13,0.4138,0.4450,1.6629
10,4,13,0.4138,2.8142,4.3076
10,5,13,0.4138,1.4334,4.2122
10,6,13,0.4138,-0.4225,2.1402
10,7,13,0.4138,0.4408,2.4524
10,8,13,0.4138,1.0446,2.2474
10,9,13,0.4138,0.0758,1.7424
10,10,13,0.4138,0.8371,2.0070
1,1,14,0.4483,0.8077,5.4280
1,2,14,0.4483,0.0358,4.7663
1,3,14,0.4483,-0.9908,3.8391
1,4,14,0.4483,0.4343,2.6768
1,5,14,0.4483,0.9219,5.1009
1,6,14,0.4483,1.5546,6.1616
1,7,14,0.4483,-0.2722,2.7140
1,8,14,0.4483,-0.9480,1.4925
1,9,14,0.4483,-0.8440,3.4957
1,10,14,0.4483,0.3535,3.6208
2,1,14,0.4483,1.3265,4.9486
2,2,14,0.4483,1.3072,5.5010
2,3,14,0.4483,0.5149,5.0806
2,4,14,0.4483,-0.6166,3.2749
2,5,14,0.4483,0.1503,4.5730
2,6,14,0.4483,-1.5327,3.8516
2,7,14,0.4483,-0.2639,2.7822
2,8,14,0.4483,2.5512,3.7407
2,9,14,0.4483,-1.3863,3.0116
2,10,14,0.4483,-0.2827,3.1779
3,1,14,0.4483,-0.5230,3.9573
3,2,14,0.4483,-1.0922,3.8459
3,3,14,0.4483,-1.0722,3.3108
3,4,14,0.4483,-1.1457,2.3285
3,5,14,0.4483,-0.4100,3.2949
3,6,14,0.4483,0.3464,3.5795
3,7,14,0.4483,0.0292,2.9804
3,8,14,0.4483,0.1238,3.2920
3,9,14,0.4483,-0.8732,3.5017
3,10,14,0.4483,0.2137,2.5804
4,1,14,0.4483,-1.4718,2.1167
4,2,14,0.4483,-0.1632,3.9172
4,3,14,0.4483,-0.7153,2.9204
4,4,14,0.4483,-0.6835,2.9802
4,5,14,0.4483,-0.9776,3.5488
4,6,14,0.4483,-1.3720,2.5934
4,7,14,0.4483,-0.8736,1.8085
4,8,14,0.4483,-1.2146,1.3020
4,9,14,0.4483,0.6802,2.8068
4,10,14,0.4483,-0.2431,2.3409
5,1,14,0.4483,-0.1145,4.2007
5,2,14,0.4483,-1.8191,4.0981
5,3,14,0.4483,0.8687,3.5555
5,4,14,0.4483,-0.4512,2.4533
5,5,14,0.4483,1.2656,4.1408
5,6,14,0.4483,0.1941,4.3145
5,7,14,0.4483,0.7001,2.8405
5,8,14,0.4483,0.7706,2.7379
5,9,14,0.4483,-0.2931,2.2662
5,10,14,0.4483,-0.2367,2.4473
6,1,14,0.4483,1.6019,5.4889
6,2,14,0.4483,0.1004,4.8321
6,3,14,0.4483,1.5243,5.1667
6,4,14,0.4483,-0.0024,3.6986
6,5,14,0.4483,0.1658,5.6878
6,6,14,0.4483,-0.3232,4.7105
6,7,14,0.4483,-0.8656,3.2383
6,8,14,0.4483,-1.6602,1.9296
6,9,14,0.4483,0.0880,3.5316
6,10,14,0.4483,0.6900,4.2055
7,1,14,0.4483,-2.0032,1.8667
7,2,14,0.4483,0.4766,3.4569
7,3,14,0.4483,0.3354,1.8245
7,4,14,0.4483,0.4479,1.3685
7,5,14,0.4483,0.9241,2.0548
7,6,14,0.4483,1.9184,4.4138
7,7,14,0.4483,0.2365,2.6232
7,8,14,0.4483,-0.7388,1.1679
7,9,14,0.4483,1.9586,2.0812
7,10,14,0.4483,1.3500,2.5815
8,1,14,0.4483,0.7100,2.0237
8,2,14,0.4483,-0.4273,3.0204
8,3,14,0.4483,-0.6879,0.4072
8,4,14,0.4483,-0.9147,1.3705
8,5,14,0.4483,1.3944,1.8467
8,6,14,0.4483,0.3430,2.5391
8,7,14,0.4483,-1.1503,1.3864
8,8,14,0.4483,1.4034,0.7225
8,9,14,0.4483,-1.1298,-0.3709
8,10,14,0.4483,-0.8454,0.6102
9,1,14,0.4483,0.9142,3.1976
9,2,14,0.4483,0.7108,3.2767
9,3,14,0.4483,0.6946,2.2093
9,4,14,0.4483,0.3747,1.7884
9,5,14,0.4483,-0.1755,1.9156
9,6,14,0.4483,-0.2704,2.8052
9,7,14,0.4483,-0.8949,1.9818
9,8,14,0.4483,-1.1059,0.0677
9,9,14,0.4483,0.4111,2.1262
9,10,14,0.4483,-0.2032,1.7870
10,1,14,0.4483,-2.4167,0.7170
10,2,14,0.4483,-0.0019,2.5798
10,3,14,0.4483,0.4274,2.0773
10,4,14,0.4483,-1.3354,0.6586
10,5,14,0.4483,-0.9634,2.5988
10,6,14,0.4483,-0.3561,1.8789
10,7,14,0.4483,1.1130,2.9352
10,8,14,0.4483,-0.5621,1.7641
10,9,14,0.4483,-0.0815,3.0298
10,10,14,0.4483,0.0252,1.7488
1,1,15,0.4828,-0.4078,4.8570
1,2,15,0.4828,2.2091,5.7554
1,3,15,0.4828,0.3473,4.4990
1,4,15,0.4828,-1.3771,3.1444
1,5,15,0.4828,1.4587,3.6397
1,6,15,0.4828,-0.6979,4.8061
1,7,15,0.4828,-0.2152,3.1877
1,8,15,0.4828,0.5654,2.9063
1,9,15,0.4828,0.0645,3.2367
1,10,15,0.4828,1.2216,3.6621
2,1,15,0.4828,-0.5467,5.3296
2,2,15,0.4828,-1.2031,5.6653
2,3,15,0.4828,-0.8468,3.7804
2,4,15,0.4828,-1.6179,3.4856
2,5,15,0.4828,-0.6756,4.4683
2,6,15,0.4828,-0.4929,5.5152
2,7,15,0.4828,1.0220,3.0231
2,8,15,0.4828,1.0987,3.6364
2,9,15,0.4828,-0.0598,3.0779
2,10,15,0.4828,0.1796,3.4326
3,1,15,0.4828,0.0652,3.8022
3,2,15,0.4828,0.9793,4.3208
3,3,15,0.4828,-1.1724,3.5277
3,4,15,0.4828,-1.1864,2.6014
3,5,15,0.4828,0.3509,3.7457
3,6,15,0.4828,-1.2946,4.4571
3,7,15,0.4828,-1.2617,2.4085
3,8,15,0.4828,-1.0208,2.5414
3,9,15,0.4828,-1.6015,3.3631
3,10,15,0.4828,-0.8124,2.5848
4,1,15,0.4828,-1.4947,3.2062
4,2,15,0.4828,-0.7559,3.8570
4,3,15,0.4828,1.9195,3.7904
4,4,15,0.4828,-0.1060,3.3125
4,5,15,0.4828,0.2308,2.9475
4,6,15,0.4828,0.7557,4.3537
4,7,15,0.4828,-0.6057,2.6329
4,8,15,0.4828,0.2240,1.5084
4,9,15,0.4828,1.2794,2.9180
4,10,15,0.4828,1.4982,2.4648
5,1,15,0.4828,-0.6292,3.8235
5,2,15,0.4828,0.2743,4.5796
5,3,15,0.4828,-0.2198,3.2043
5,4,15,0.4828,-0.8701,3.0579
5,5,15,0.4828,0.1135,3.4483
5,6,15,0.4828,0.3145,4.5335
5,7,15,0.4828,1.9354,2.8334
5,8,15,0.4828,-0.6033,2.0119
5,9,15,0.4828,-0.4444,3.9101
5,10,15,0.4828,-0.1564,3.4838
6,1,15,0.4828,0.6072,4.6742
6,2,15,0.4828,-0.9592,4.6510
6,3,15,0.4828,-0.1213,4.3483
6,4,15,0.4828,-0.5446,3.2568
6,5,15,0.4828,-0.9178,4.3943
6,6,15,0.4828,1.6947,5.5543
6,7,15,0.4828,-0.0370,3.4156
6,8,15,0.4828,0.1520,2.9110
6,9,15,0.4828,-0.0571,3.0446
6,10,15,0.4828,1.9938,3.3231
7,1,15,0.4828,0.0726,2.6338
7,2,15,0.4828,-1.4230,3.7933
7,3,15,0.4828,0.4190,2.0501
7,4,15,0.4828,1.5030,2.0420
7,5,15,0.4828,-0.0327,1.8465
7,6,15,0.4828,0.6958,3.8051
7,7,15,0.4828,0.9197,1.6339
7,8,15,0.4828,-1.5981,2.3316
7,9,15,0.4828,0.2386,2.1610
7,10,15,0.4828,-0.0535,1.3269
8,1,15,0.4828,1.8259,2.4855
8,2,15,0.4828,-2.4276,3.5031
8,3,15,0.4828,2.2469,2.8936
8,4,15,0.4828,0.1723,0.6426
8,5,15,0.4828,0.0347,1.6767
8,6,15,0.4828,-2.9039,2.4298
8,7,15,0.4828,-2.1289,0.3528
8,8,15,0.4828,-1.2515,0.6146
8,9,15,0.4828,-1.0241,2.4542
8,10,15,0.4828,1.4291,-0.0468
9,1,15,0.4828,-0.9250,2.5846
9,2,15,0.4828,0.1890,2.9861
9,3,15,0.4828,-0.1187,2.5642
9,4,15,0.4828,-1.4459,1.4895
9,5,15,0.4828,-1.7962,1.3085
9,6,15,0.4828,0.3467,1.9759
9,7,15,0.4828,0.0491,1.2959
9,8,15,0.4828,-1.1378,-0.4487
9,9,15,0.4828,0.6137,2.4138
9,10,15,0.4828,-0.5844,0.9445
10,1,15,0.4828,0.5689,2.4759
10,2,15,0.4828,-0.4011,3.7885
10,3,15,0.4828,0.3333,2.2791
10,4,15,0.4828,-0.8740,1.5157
10,5,15,0.4828,0.9128,3.7439
10,6,15,0.4828,-0.4886,3.0164
10,7,15,0.4828,0.2574,2.2456
10,8,15,0.4828,-0.3361,0.9386
10,9,15,0.4828,-0.4129,1.2241
10,10,15,0.4828,1.0393,1.8764
1,1,16,0.5172,-0.8578,4.4714
1,2,16,0.5172,0.1532,6.2048
1,3,16,0.5172,-0.6258,2.7991
1,4,16,0.5172,0.7112,3.3668
1,5,16,0.5172,1.3959,3.1917
1,6,16,0.5172,-0.5264,5.9414
1,7,16,0.5172,1.2317,3.0670
1,8,16,0.5172,-1.1829,3.5190
1,9,16,0.5172,-1.1238,3.0856
1,10,16,0.5172,-0.0461,2.9882
2,1,16,0.5172,0.2288,5.6662
2,2,16,0.5172,0.4005,4.8858
2,3,16,0.5172,-0.6787,4.8440
2,4,16,0.5172,-0.6393,4.0668
2,5,16,0.5172,1.5422,3.5563
2,6,16,0.5172,0.2093,4.7409
2,7,16,0.5172,0.1289,1.9521
2,8,16,0.5172,-1.3217,3.5941
2,9,16,0.5172,-1.8906,4.1712
2,10,16,0.5172,-1.8927,3.2183
3,1,16,0.5172,-1.1012,4.2704
3,2,16,0.5172,-0.6437,4.7472
3,3,16,0.5172,-0.3916,3.9950
3,4,16,0.5172,-0.4125,3.3024
3,5,16,0.5172,0.1674,3.9115
3,6,16,0.5172,1.6586,3.2588
3,7,16,0.5172,0.0449,3.2510
3,8,16,0.5172,-1.7149,2.9210
3,9,16,0.5172,1.6911,3.2092
3,10,16,0.5172,-0.2765,3.4909
4,1,16,0.5172,2.4599,3.9111
4,2,16,0.5172,0.4631,3.2765
4,3,16,0.5172,-0.3910,3.5614
4,4,16,0.5172,-0.8660,2.6781
4,5,16,0.5172,-0.1912,3.0245
4,6,16,0.5172,1.9798,4.0323
4,7,16,0.5172,-0.8287,2.0919
4,8,16,0.5172,0.1035,2.5660
4,9,16,0.5172,0.0280,2.1466
4,10,16,0.5172,0.7957,3.4051
5,1,16,0.5172,2.1304,4.0669
5,2,16,0.5172,0.0550,3.9175
5,3,16,0.5172,-1.2300,3.8486
5,4,16,0.5172,-1.1940,2.9545
5,5,16,0.5172,-0.7133,3.6740
5,6,16,0.5172,1.0941,4.6467
5,7,16,0.5172,-2.0268,2.5034
5,8,16,0.5172,0.0215,2.1742
5,9,16,0.5172,-1.5141,4.0568
5,10,16,0.5172,-0.8617,3.1554
6,1,16,0.5172,0.5138,3.5466
6,2,16,0.5172,1.3829,4.5310
6,3,16,0.5172,-0.3457,4.6128
6,4,16,0.5172,-0.6819,4.0613
6,5,16,0.5172,-0.5974,4.7866
6,6,16,0.5172,-0.1506,4.8989
6,7,16,0.5172,0.2667,2.5324
6,8,16,0.5172,-1.4631,3.6228
6,9,16,0.5172,0.3756,3.1111
6,10,16,0.5172,1.7763,2.9217
7,1,16,0.5172,-0.9646,2.7529
7,2,16,0.5172,-1.2230,2.1768
7,3,16,0.5172,0.3999,2.1878
7,4,16,0.5172,0.0065,0.9844
7,5,16,0.5172,-1.3392,1.5121
7,6,16,0.5172,0.2415,2.2104
7,7,16,0.5172,-0.6050,1.4235
7,8,16,0.5172,0.7348,2.2744
7,9,16,0.5172,-0.3073,2.7447
7,10,16,0.5172,0.4355,1.7042
8,1,16,0.5172,0.2218,3.6643
8,2,16,0.5172,0.9013,2.5613
8,3,16,0.5172,0.8760,0.9057
8,4,16,0.5172,-2.0281,1.5901
8,5,16,0.5172,0.2871,1.4456
8,6,16,0.5172,1.0020,3.0257
8,7,16,0.5172,2.4690,1.3201
8,8,16,0.5172,-0.0678,0.9130
8,9,16,0.5172,1.5509,0.9778
8,10,16,0.5172,-2.5457,0.6109
9,1,16,0.5172,1.0313,2.0206
9,2,16,0.5172,-1.3092,3.2359
9,3,16,0.5172,0.9334,1.5203
9,4,16,0.5172,-0.2278,2.6813
9,5,16,0.5172,0.9135,3.2010
9,6,16,0.5172,-0.0567,1.9972
9,7,16,0.5172,-0.5576,1.1798
9,8,16,0.5172,2.7290,1.5833
9,9,16,0.5172,-0.4584,2.2324
9,10,16,0.5172,-2.1771,2.1113
10,1,16,0.5172,-0.3284,2.4127
10,2,16,0.5172,-0.3136,3.7588
10,3,16,0.5172,-1.0095,3.3759
10,4,16,0.5172,-1.3624,2.1725
10,5,16,0.5172,0.1764,2.2967
10,6,16,0.5172,-0.6664,2.0164
10,7,16,0.5172,0.7778,1.5419
10,8,16,0.5172,-1.0123,1.2906
10,9,16,0.5172,1.3115,1.5078
10,10,16,0.5172,-0.4693,1.6301
1,1,17,0.5517,1.0767,2.6261
1,2,17,0.5517,0.8505,4.2512
1,3,17,0.5517,0.3036,4.0109
1,4,17,0.5517,-0.3728,4.4155
1,5,17,0.5517,-1.4996,4.0558
1,6,17,0.5517,-0.4765,5.0120
1,7,17,0.5517,0.0208,4.0643
1,8,17,0.5517,0.1310,2.7912
1,9,17,0.5517,0.2066,3.0233
1,10,17,0.5517,-0.6564,4.1024
2,1,17,0.5517,-1.4970,4.4087
2,2,17,0.5517,-0.9361,6.1878
2,3,17,0.5517,0.4935,3.9036
2,4,17,0.5517,0.6623,3.0962
2,5,17,0.5517,-0.1649,5.0769
2,6,17,0.5517,1.5846,4.4186
2,7,17,0.5517,-0.0292,3.8685
2,8,17,0.5517,1.7828,1.3710
2,9,17,0.5517,0.9802,3.5170
2,10,17,0.5517,0.7186,1.9114
3,1,17,0.5517,-0.3227,3.8358
3,2,17,0.5517,-0.7032,5.4326
3,3,17,0.5517,0.0166,3.3066
3,4,17,0.5517,0.0502,3.8798
3,5,17,0.5517,-1.8129,5.0538
3,6,17,0.5517,-0.4255,3.9982
3,7,17,0.5517,-1.4005,4.1558
3,8,17,0.5517,-0.7818,3.0762
3,9,17,0.5517,-0.6255,4.3412
3,10,17,0.5517,0.3599,1.1062
4,1,17,0.5517,-0.4481,4.1627
4,2,17,0.5517,0.9294,4.4132
4,3,17,0.5517,0.3083,3.1369
4,4,17,0.5517,1.6239,2.1336
4,5,17,0.5517,-1.3871,3.9343
4,6,17,0.5517,0.8430,2.8006
4,7,17,0.5517,-1.7202,3.9968
4,8,17,0.5517,-0.3376,1.4545
4,9,17,0.5517,-0.7847,3.2887
4,10,17,0.5517,0.8768,2.4546
5,1,17,0.5517,0.6432,4.1488
5,2,17,0.5517,-1.5683,5.2227
5,3,17,0.5517,-2.0708,4.4364
5,4,17,0.5517,-0.5110,4.2660
5,5,17,0.5517,-0.3355,4.1593
5,6,17,0.5517,-0.4544,5.3558
5,7,17,0.5517,-0.7938,2.6915
5,8,17,0.5517,2.7701,1.3165
5,9,17,0.5517,0.2074,3.0399
5,10,17,0.5517,-0.0041,3.9259
6,1,17,0.5517,1.7693,3.9148
6,2,17,0.5517,0.5554,3.6421
6,3,17,0.5517,0.8685,3.8682
6,4,17,0.5517,0.3374,2.6963
6,5,17,0.5517,-0.5871,3.2701
6,6,17,0.5517,-2.6677,5.2534
6,7,17,0.5517,1.6723,2.3061
6,8,17,0.5517,0.9269,2.0899
6,9,17,0.5517,0.0004,3.8673
6,10,17,0.5517,1.8474,2.9109
7,1,17,0.5517,0.5311,0.9916
7,2,17,0.5517,0.6884,2.6617
7,3,17,0.5517,0.7154,1.5054
7,4,17,0.5517,2.3608,0.0194
7,5,17,0.5517,-0.4855,1.9366
7,6,17,0.5517,0.5428,1.7046
7,7,17,0.5517,0.9787,2.2664
7,8,17,0.5517,-0.3430,2.0391
7,9,17,0.5517,1.0728,1.1050
7,10,17,0.5517,1.9013,0.9704
8,1,17,0.5517,-1.1563,2.6840
8,2,17,0.5517,-0.4285,2.7894
8,3,17,0.5517,1.5824,1.4734
8,4,17,0.5517,-1.1362,2.0519
8,5,17,0.5517,-1.3184,2.9397
8,6,17,0.5517,0.1107,1.5088
8,7,17,0.5517,0.1892,1.1678
8,8,17,0.5517,1.0240,0.4344
8,9,17,0.5517,1.0372,1.1548
8,10,17,0.5517,0.4229,0.4743
9,1,17,0.5517,-1.6490,2.9609
9,2,17,0.5517,-0.8031,4.1511
9,3,17,0.5517,-0.7988,2.1116
9,4,17,0.5517,1.2335,1.1328
9,5,17,0.5517,-0.9567,3.1242
9,6,17,0.5517,1.0929,2.7168
9,7,17,0.5517,0.2111,2.5085
9,8,17,0.5517,0.0263,1.6148
9,9,17,0.5517,-1.1959,1.6629
9,10,17,0.5517,0.8262,0.6616
10,1,17,0.5517,1.5031,2.2809
10,2,17,0.5517,-2.0799,4.5395
10,3,17,0.5517,-0.6900,2.3621
10,4,17,0.5517,0.7547,0.9023
10,5,17,0.5517,1.6745,1.9211
10,6,17,0.5517,1.1019,2.4417
10,7,17,0.5517,-1.0463,2.9245
10,8,17,0.5517,0.4516,1.7384
10,9,17,0.5517,0.4440,1.8735
10,10,17,0.5517,-0.2696,1.9941
1,1,18,0.5862,0.9977,3.8858
1,2,18,0.5862,1.4070,3.4786
1,3,18,0.5862,0.4727,3.4798
1,4,18,0.5862,0.4413,3.2058
1,5,18,0.5862,1.3482,3.0129
1,6,18,0.5862,1.5016,3.5896
1,7,18,0.5862,-1.7421,6.3543
1,8,18,0.5862,0.9546,1.4910
1,9,18,0.5862,0.4091,3.1870
1,10,18,0.5862,-1.2821,3.9789
2,1,18,0.5862,0.5664,3.7964
2,2,18,0.5862,0.6509,4.3279
2,3,18,0.5862,-1.7729,5.6597
2,4,18,0.5862,0.7575,3.9026
2,5,18,0.5862,0.3295,2.2657
2,6,18,0.5862,0.1016,4.2208
2,7,18,0.5862,-0.3678,4.8516
2,8,18,0.5862,1.1992,1.8935
2,9,18,0.5862,-0.3084,4.3682
2,10,18,0.5862,0.4506,2.1507
3,1,18,0.5862,-0.0619,4.3792
3,2,18,0.5862,0.7364,4.4258
3,3,18,0.5862,-0.6849,4.2854
3,4,18,0.5862,0.7403,2.3326
3,5,18,0.5862,1.1723,2.5125
3,6,18,0.5862,-0.0288,4.1120
3,7,18,0.5862,-1.1520,3.8670
3,8,18,0.5862,0.2811,1.9411
3,9,18,0.5862,1.0179,1.9121
3,10,18,0.5862,-0.0675,2.2174
4,1,18,0.5862,-1.4975,3.9848
4,2,18,0.5862,1.6128,2.8996
4,3,18,0.5862,-0.3142,3.9355
4,4,18,0.5862,0.2606,3.4166
4,5,18,0.5862,0.1636,3.3554
4,6,18,0.5862,-0.6815,4.8178
4,7,18,0.5862,1.2271,0.9578
4,8,18,0.5862,0.6282,0.7813
4,9,18,0.5862,-0.3812,3.2018
4,10,18,0.5862,0.8174,2.3535
5,1,18,0.5862,-0.9913,4.5507
5,2,18,0.5862,1.3927,3.2384
5,3,18,0.5862,-0.5651,4.2877
5,4,18,0.5862,0.6551,2.8746
5,5,18,0.5862,-1.6705,4.8809
5,6,18,0.5862,-0.6024,5.2117
5,7,18,0.5862,0.7619,2.9887
5,8,18,0.5862,0.5003,2.5541
5,9,18,0.5862,1.5289,-0.0010
5,10,18,0.5862,0.9254,2.4864
6,1,18,0.5862,-1.4366,5.4638
6,2,18,0.5862,-0.2541,5.9114
6,3,18,0.5862,-0.8710,5.1319
6,4,18,0.5862,-0.0507,3.1907
6,5,18,0.5862,0.1655,3.5582
6,6,18,0.5862,-1.2263,5.7012
6,7,18,0.5862,-0.0787,3.4699
6,8,18,0.5862,0.2762,2.3016
6,9,18,0.5862,-0.0548,4.6913
6,10,18,0.5862,0.1124,2.8433
7,1,18,0.5862,-1.1541,2.8232
7,2,18,0.5862,-0.1746,3.6961
7,3,18,0.5862,0.4620,1.5658
7,4,18,0.5862,-0.0961,1.0854
7,5,18,0.5862,0.3002,1.3734
7,6,18,0.5862,2.0620,1.7303
7,7,18,0.5862,1.1715,0.5312
7,8,18,0.5862,0.2127,1.0332
7,9,18,0.5862,-1.4908,3.2297
7,10,18,0.5862,-0.6511,2.0662
8,1,18,0.5862,-1.1391,3.2043
8,2,18,0.5862,-0.4391,3.5722
8,3,18,0.5862,0.1117,1.2391
8,4,18,0.5862,-0.6249,1.8073
8,5,18,0.5862,0.3995,1.9416
8,6,18,0.5862,0.9451,2.2202
8,7,18,0.5862,0.4869,1.6801
8,8,18,0.5862,-0.4138,0.7179
8,9,18,0.5862,0.8684,2.4700
8,10,18,0.5862,-0.5573,0.7948
9,1,18,0.5862,0.4200,2.8497
9,2,18,0.5862,-1.0423,3.9064
9,3,18,0.5862,0.4299,1.5266
9,4,18,0.5862,-0.0693,1.2938
9,5,18,0.5862,0.8172,1.5102
9,6,18,0.5862,-0.0120,2.4573
9,7,18,0.5862,0.5012,0.5787
9,8,18,0.5862,-1.4036,2.1163
9,9,18,0.5862,0.3958,1.0320
9,10,18,0.5862,0.7593,1.4395
10,1,18,0.5862,-0.7071,3.8059
10,2,18,0.5862,0.8062,2.9604
10,3,18,0.5862,1.2504,0.8710
10,4,18,0.5862,1.7132,1.6773
10,5,18,0.5862,1.0704,2.0395
10,6,18,0.5862,-0.8983,2.9256
10,7,18,0.5862,-1.2296,2.3954
10,8,18,0.5862,-1.3520,2.1873
10,9,18,0.5862,0.8220,0.5246
10,10,18,0.5862,-1.1903,1.3845
1,1,19,0.6207,-1.8589,6.2311
1,2,19,0.6207,-0.9663,6.1308
1,3,19,0.6207,0.0445,3.8242
1,4,19,0.6207,-1.7076,5.3333
1,5,19,0.6207,1.4665,2.7425
1,6,19,0.6207,0.2969,4.4588
1,7,19,0.6207,1.2319,2.8015
1,8,19,0.6207,1.3762,1.5978
1,9,19,0.6207,-0.3699,3.6237
1,10,19,0.6207,0.3302,4.0601
2,1,19,0.6207,0.2444,5.0553
2,2,19,0.6207,-0.6997,6.4515
2,3,19,0.6207,1.5101,2.4803
2,4,19,0.6207,1.3886,2.9983
2,5,19,0.6207,-0.3120,5.2556
2,6,19,0.6207,-0.8097,4.9494
2,7,19,0.6207,-1.4805,3.8249
2,8,19,0.6207,0.3779,2.6802
2,9,19,0.6207,-0.4139,4.7118
2,10,19,0.6207,-1.7887,5.8018
3,1,19,0.6207,1.2615,2.6291
3,2,19,0.6207,1.2681,3.3910
3,3,19,0.6207,0.6664,2.7284
3,4,19,0.6207,1.4215,1.9162
3,5,19,0.6207,-0.2217,3.6043
3,6,19,0.6207,-1.7757,5.5388
3,7,19,0.6207,0.2508,2.1600
3,8,19,0.6207,-1.0438,3.0512
3,9,19,0.6207,-0.6747,4.5819
3,10,19,0.6207,-1.7437,5.2665
4,1,19,0.6207,-0.8563,4.4899
4,2,19,0.6207,0.1556,4.3956
4,3,19,0.6207,-0.3538,3.7344
4,4,19,0.6207,-0.0767,1.9740
4,5,19,0.6207,0.0625,3.6749
4,6,19,0.6207,1.2129,2.8997
4,7,19,0.6207,0.7106,1.8625
4,8,19,0.6207,1.3729,-0.0722
4,9,19,0.6207,-2.4886,4.5575
4,10,19,0.6207,-1.3433,4.4173
5,1,19,0.6207,1.6076,1.4893
5,2,19,0.6207,-0.9889,5.8119
5,3,19,0.6207,-1.1953,4.0070
5,4,19,0.6207,-1.2153,2.8770
5,5,19,0.6207,-0.3159,4.4725
5,6,19,0.6207,0.9978,2.7370
5,7,19,0.6207,-2.1127,5.7995
5,8,19,0.6207,1.1237,1.3395
5,9,19,0.6207,-1.0954,5.9446
5,10,19,0.6207,1.3761,1.8074
6,1,19,0.6207,-1.8372,6.5361
6,2,19,0.6207,0.7169,6.2198
6,3,19,0.6207,1.2687,2.4708
6,4,19,0.6207,0.1702,3.9792
6,5,19,0.6207,1.2780,2.1605
6,6,19,0.6207,1.9415,1.2982
6,7,19,0.6207,-0.1207,3.2084
6,8,19,0.6207,-0.4614,3.9341
6,9,19,0.6207,-0.6353,3.3268
6,10,19,0.6207,0.7689,2.5100
7,1,19,0.6207,-0.3296,3.7533
7,2,19,0.6207,-1.1935,4.2416
7,3,19,0.6207,1.0688,0.0852
7,4,19,0.6207,-1.3204,2.9100
7,5,19,0.6207,-0.5177,3.2662
7,6,19,0.6207,0.6300,1.8852
7,7,19,0.6207,2.0744,-1.6671
7,8,19,0.6207,-0.0291,1.8111
7,9,19,0.6207,-1.3317,2.9350
7,10,19,0.6207,0.6750,1.0891
8,1,19,0.6207,0.0638,1.7616
8,2,19,0.6207,-0.3887,3.5030
8,3,19,0.6207,-0.1920,0.3588
8,4,19,0.6207,-0.4893,0.8453
8,5,19,0.6207,1.2339,-0.1075
8,6,19,0.6207,-0.2103,2.1593
8,7,19,0.6207,0.8486,0.4441
8,8,19,0.6207,-0.9297,1.8605
8,9,19,0.6207,0.6948,0.2262
8,10,19,0.6207,0.9224,-0.0022
9,1,19,0.6207,0.8715,2.2474
9,2,19,0.6207,-0.2882,3.9578
9,3,19,0.6207,0.7212,1.2089
9,4,19,0.6207,0.6052,0.8687
9,5,19,0.6207,-1.1295,2.8487
9,6,19,0.6207,0.8846,1.0258
9,7,19,0.6207,-0.3089,3.2771
9,8,19,0.6207,-1.5261,3.7605
9,9,19,0.6207,-2.3063,4.8410
9,10,19,0.6207,-1.0974,3.6928
10,1,19,0.6207,0.6818,1.7240
10,2,19,0.6207,-0.5399,4.6978
10,3,19,0.6207,-0.1142,2.7334
10,4,19,0.6207,-0.2234,1.0316
10,5,19,0.6207,0.9627,1.9153
10,6,19,0.6207,-1.5555,5.0240
10,7,19,0.6207,-0.4668,1.4975
10,8,19,0.6207,1.1466,-0.1216
10,9,19,0.6207,-0.4510,2.4749
10,10,19,0.6207,-1.2376,3.3852
1,1,20,0.6552,-1.3612,6.9344
1,2,20,0.6552,-1.0320,6.2956
1,3,20,0.6552,-0.6379,3.8787
1,4,20,0.6552,-0.6106,2.9312
1,5,20,0.6552,-0.7284,5.0671
1,6,20,0.6552,-1.3449,5.9057
1,7,20,0.6552,0.0184,3.4793
1,8,20,0.6552,0.7175,2.5605
1,9,20,0.6552,-0.7611,4.5678
1,10,20,0.6552,-0.0899,2.6780
2,1,20,0.6552,-1.8441,7.1934
2,2,20,0.6552,1.2530,3.2933
2,3,20,0.6552,-2.5207,7.4084
2,4,20,0.6552,-0.7977,5.2144
2,5,20,0.6552,-0.3146,4.8943
2,6,20,0.6552,0.9864,3.9306
2,7,20,0.6552,-0.7921,4.6552
2,8,20,0.6552,1.7534,0.5926
2,9,20,0.6552,0.2262,2.8152
2,10,20,0.6552,-0.5001,3.5594
3,1,20,0.6552,0.2576,4.1721
3,2,20,0.6552,-0.1612,5.4769
3,3,20,0.6552,-0.1980,3.8826
3,4,20,0.6552,0.3164,2.6307
3,5,20,0.6552,-0.6142,3.5389
3,6,20,0.6552,-0.7172,5.1485
3,7,20,0.6552,-0.0097,2.1765
3,8,20,0.6552,2.4557,-0.2681
3,9,20,0.6552,0.3790,3.0973
3,10,20,0.6552,0.3106,2.7595
4,1,20,0.6552,0.3116,2.8088
4,2,20,0.6552,2.0543,2.4589
4,3,20,0.6552,0.5907,1.7801
4,4,20,0.6552,-0.1223,2.7929
4,5,20,0.6552,-0.7433,4.6086
4,6,20,0.6552,1.6235,1.4708
4,7,20,0.6552,-0.0150,3.0457
4,8,20,0.6552,0.6906,1.3107
4,9,20,0.6552,-0.8405,3.4407
4,10,20,0.6552,-0.3729,3.5767
5,1,20,0.6552,1.5217,1.7043
5,2,20,0.6552,0.3427,4.2183
5,3,20,0.6552,0.8910,2.4983
5,4,20,0.6552,-1.5055,5.4501
5,5,20,0.6552,0.9900,2.5373
5,6,20,0.6552,-0.6615,4.3814
5,7,20,0.6552,-0.3683,2.5729
5,8,20,0.6552,-0.3679,3.6114
5,9,20,0.6552,0.3914,2.3330
5,10,20,0.6552,-0.5094,1.9538
6,1,20,0.6552,-1.3045,5.6745
6,2,20,0.6552,1.0175,3.5219
6,3,20,0.6552,-0.4779,4.0776
6,4,20,0.6552,-1.5353,5.9457
6,5,20,0.6552,2.7614,3.0490
6,6,20,0.6552,-0.4148,4.3481
6,7,20,0.6552,-2.0224,6.0903
6,8,20,0.6552,-0.5586,4.1334
6,9,20,0.6552,0.1480,2.3741
6,10,20,0.6552,0.1510,2.6940
7,1,20,0.6552,-0.4701,2.8844
7,2,20,0.6552,1.1298,2.4804
7,3,20,0.6552,1.2916,0.5474
7,4,20,0.6552,-1.5984,3.6145
7,5,20,0.6552,0.3400,1.9470
7,6,20,0.6552,-0.1088,3.1672
7,7,20,0.6552,0.2453,0.7245
7,8,20,0.6552,0.5555,0.7922
7,9,20,0.6552,-1.0404,3.3707
7,10,20,0.6552,-0.6798,1.9915
8,1,20,0.6552,0.8875,0.6460
8,2,20,0.6552,0.0211,1.9630
8,3,20,0.6552,-0.8386,2.4479
8,4,20,0.6552,2.3309,-1.7798
8,5,20,0.6552,-0.6902,2.5881
8,6,20,0.6552,-1.2637,4.8372
8,7,20,0.6552,0.2156,0.8238
8,8,20,0.6552,-1.8371,2.0112
8,9,20,0.6552,-1.5342,3.8690
8,10,20,0.6552,1.2416,0.0299
9,1,20,0.6552,0.0501,2.5576
9,2,20,0.6552,-0.6251,4.0692
9,3,20,0.6552,1.5695,0.0242
9,4,20,0.6552,0.4870,1.2184
9,5,20,0.6552,1.3599,1.3844
9,6,20,0.6552,-0.4866,3.5096
9,7,20,0.6552,-0.7751,2.8422
9,8,20,0.6552,-0.3389,1.4348
9,9,20,0.6552,-0.9826,2.5808
9,10,20,0.6552,-1.1877,3.5646
10,1,20,0.6552,-0.1064,2.9879
10,2,20,0.6552,-0.2016,3.2191
10,3,20,0.6552,-1.1186,3.2950
10,4,20,0.6552,-0.6401,3.3355
10,5,20,0.6552,0.6409,2.1308
10,6,20,0.6552,0.0031,2.8075
10,7,20,0.6552,0.7329,1.6184
10,8,20,0.6552,-0.8969,1.6730
10,9,20,0.6552,-1.2036,4.2703
10,10,20,0.6552,0.5959,0.8454
1,1,21,0.6897,-0.5556,5.9840
1,2,21,0.6897,-0.7663,5.9759
1,3,21,0.6897,0.0881,2.3797
1,4,21,0.6897,0.7590,2.3471
1,5,21,0.6897,-0.8973,4.5552
1,6,21,0.6897,0.9398,3.8463
1,7,21,0.6897,1.6964,1.3291
1,8,21,0.6897,0.0803,2.9969
1,9,21,0.6897,1.5755,0.9645
1,10,21,0.6897,-1.6763,5.3881
2,1,21,0.6897,-0.8189,6.1284
2,2,21,0.6897,-0.0503,4.5837
2,3,21,0.6897,0.1366,3.4805
2,4,21,0.6897,-0.4252,4.9610
2,5,21,0.6897,2.2314,0.8166
2,6,21,0.6897,0.9472,3.4675
2,7,21,0.6897,-1.4953,5.5186
2,8,21,0.6897,1.2978,1.8043
2,9,21,0.6897,0.7177,3.2456
2,10,21,0.6897,0.5515,2.3060
3,1,21,0.6897,-0.4630,4.2697
3,2,21,0.6897,-1.5646,7.5897
3,3,21,0.6897,1.5540,1.3589
3,4,21,0.6897,-0.3363,3.5416
3,5,21,0.6897,2.0024,0.8502
3,6,21,0.6897,1.8969,1.3998
3,7,21,0.6897,1.1242,1.4090
3,8,21,0.6897,-0.3113,3.8462
3,9,21,0.6897,2.2025,-0.2934
3,10,21,0.6897,0.7405,1.5643
4,1,21,0.6897,-1.4452,6.6841
4,2,21,0.6897,0.5235,4.1874
4,3,21,0.6897,1.2561,0.6497
4,4,21,0.6897,-0.8499,4.4405
4,5,21,0.6897,0.3826,3.2097
4,6,21,0.6897,-1.0248,6.1405
4,7,21,0.6897,0.9625,2.6234
4,8,21,0.6897,-0.8323,4.3628
4,9,21,0.6897,-0.5460,3.2152
4,10,21,0.6897,0.5662,1.9340
5,1,21,0.6897,-0.4808,3.9663
5,2,21,0.6897,0.2522,4.5070
5,3,21,0.6897,-0.2795,4.2445
5,4,21,0.6897,1.1577,1.6748
5,5,21,0.6897,0.9116,2.6392
5,6,21,0.6897,-1.4238,6.3008
5,7,21,0.6897,-0.5674,4.5502
5,8,21,0.6897,-1.2830,3.3685
5,9,21,0.6897,-1.1483,5.7140
5,10,21,0.6897,-0.3419,3.8143
6,1,21,0.6897,-0.0034,4.4330
6,2,21,0.6897,1.0639,4.3911
6,3,21,0.6897,-0.9226,5.8325
6,4,21,0.6897,0.4762,2.2127
6,5,21,0.6897,0.2669,2.6427
6,6,21,0.6897,-0.6910,5.1539
6,7,21,0.6897,0.1099,3.3991
6,8,21,0.6897,0.1831,2.7966
6,9,21,0.6897,-0.4408,4.3566
6,10,21,0.6897,-0.3298,3.4953
7,1,21,0.6897,-0.0425,3.8589
7,2,21,0.6897,0.5296,3.4631
7,3,21,0.6897,0.9722,0.5934
7,4,21,0.6897,1.3557,-0.4304
7,5,21,0.6897,-1.3767,4.0441
7,6,21,0.6897,-0.3550,3.3698
7,7,21,0.6897,0.9197,0.5382
7,8,21,0.6897,0.5109,0.8525
7,9,21,0.6897,-0.0242,2.2137
7,10,21,0.6897,1.9171,-1.0323
8,1,21,0.6897,-0.4727,1.6714
8,2,21,0.6897,2.3707,-0.3699
8,3,21,0.6897,2.0204,-2.7392
8,4,21,0.6897,0.4494,0.8607
8,5,21,0.6897,0.4706,0.9778
8,6,21,0.6897,0.3264,1.7914
8,7,21,0.6897,-0.7044,1.9977
8,8,21,0.6897,0.5439,0.2740
8,9,21,0.6897,-1.3785,2.6846
8,10,21,0.6897,-1.6482,2.7392
9,1,21,0.6897,-0.9989,3.5065
9,2,21,0.6897,2.1161,0.1237
9,3,21,0.6897,1.7725,-1.6070
9,4,21,0.6897,0.3710,1.3980
9,5,21,0.6897,-0.1865,2.8924
9,6,21,0.6897,1.4760,-0.0679
9,7,21,0.6897,1.5645,-1.7628
9,8,21,0.6897,-0.5557,1.5815
9,9,21,0.6897,-0.0467,0.5841
9,10,21,0.6897,-1.0401,3.6752
10,1,21,0.6897,1.3718,1.9739
10,2,21,0.6897,1.2288,1.9379
10,3,21,0.6897,-0.8061,2.9922
10,4,21,0.6897,-1.0941,4.6505
10,5,21,0.6897,2.6615,-0.7724
10,6,21,0.6897,0.4591,1.8817
10,7,21,0.6897,-1.4006,4.7149
10,8,21,0.6897,-0.6671,1.8421
10,9,21,0.6897,-1.2917,3.1229
10,10,21,0.6897,0.9062,0.9964
1,1,22,0.7241,-2.1436,7.3192
1,2,22,0.7241,-1.1789,7.3127
1,3,22,0.7241,1.4122,2.0337
1,4,22,0.7241,-0.2507,3.8325
1,5,22,0.7241,-1.1012,6.8038
1,6,22,0.7241,-2.1733,6.9348
1,7,22,0.7241,-0.5975,4.4591
1,8,22,0.7241,0.1954,1.6308
1,9,22,0.7241,1.4875,0.2565
1,10,22,0.7241,-0.1171,3.4796
2,1,22,0.7241,-1.1855,5.7333
2,2,22,0.7241,0.3739,4.4380
2,3,22,0.7241,-0.0659,4.7808
2,4,22,0.7241,-1.3662,6.4561
2,5,22,0.7241,0.4672,3.5187
2,6,22,0.7241,1.4871,2.3852
2,7,22,0.7241,0.1158,3.1634
2,8,22,0.7241,-0.4916,4.6123
2,9,22,0.7241,-1.9031,7.5368
2,10,22,0.7241,-0.7616,4.5468
3,1,22,0.7241,0.9470,3.5597
3,2,22,0.7241,-1.5022,6.6233
3,3,22,0.7241,0.3668,2.3949
3,4,22,0.7241,-1.1110,4.0261
3,5,22,0.7241,-1.2974,6.3432
3,6,22,0.7241,-1.9892,7.1942
3,7,22,0.7241,0.3576,2.3255
3,8,22,0.7241,1.0309,1.3380
3,9,22,0.7241,-0.5948,2.3755
3,10,22,0.7241,-0.8424,3.9432
4,1,22,0.7241,-0.9296,5.5261
4,2,22,0.7241,-0.1376,4.8565
4,3,22,0.7241,0.7867,1.9150
4,4,22,0.7241,0.3662,3.3387
4,5,22,0.7241,0.8665,2.0369
4,6,22,0.7241,-0.0036,4.1269
4,7,22,0.7241,0.0453,2.7426
4,8,22,0.7241,-1.3194,4.0158
4,9,22,0.7241,-0.6662,4.1181
4,10,22,0.7241,0.8599,1.3527
5,1,22,0.7241,-1.1219,6.0390
5,2,22,0.7241,-0.0648,3.5746
5,3,22,0.7241,-0.4487,3.9956
5,4,22,0.7241,2.4304,-1.0192
5,5,22,0.7241,-0.6730,4.8291
5,6,22,0.7241,0.1495,3.8181
5,7,22,0.7241,-0.0097,2.4937
5,8,22,0.7241,0.1665,1.2007
5,9,22,0.7241,-0.0864,3.3819
5,10,22,0.7241,0.0040,2.5188
6,1,22,0.7241,0.7890,2.1521
6,2,22,0.7241,0.2035,5.1115
6,3,22,0.7241,1.1688,1.3958
6,4,22,0.7241,0.3420,3.8028
6,5,22,0.7241,-1.8686,6.9649
6,6,22,0.7241,0.9294,2.5587
6,7,22,0.7241,0.1222,2.8956
6,8,22,0.7241,0.0005,1.9708
6,9,22,0.7241,-0.4967,4.3618
6,10,22,0.7241,0.3229,2.9001
7,1,22,0.7241,-1.1282,4.0129
7,2,22,0.7241,1.2952,1.1376
7,3,22,0.7241,-1.3651,3.9210
7,4,22,0.7241,1.3078,0.1860
7,5,22,0.7241,0.4100,1.0141
7,6,22,0.7241,0.6445,1.4926
7,7,22,0.7241,-0.2633,2.1704
7,8,22,0.7241,-0.6789,3.7346
7,9,22,0.7241,0.2682,1.9454
7,10,22,0.7241,0.9039,-0.0563
8,1,22,0.7241,-0.9020,4.0605
8,2,22,0.7241,0.8757,1.4509
8,3,22,0.7241,-0.4411,1.8571
8,4,22,0.7241,-0.6705,1.1960
8,5,22,0.7241,-0.2341,3.2370
8,6,22,0.7241,1.2414,0.7924
8,7,22,0.7241,-0.4343,1.7004
8,8,22,0.7241,0.0159,0.7992
8,9,22,0.7241,0.0910,0.2498
8,10,22,0.7241,0.3336,0.6941
9,1,22,0.7241,0.7339,1.1127
9,2,22,0.7241,0.6384,2.6348
9,3,22,0.7241,1.4523,-0.3353
9,4,22,0.7241,0.2450,0.9578
9,5,22,0.7241,0.6804,2.0090
9,6,22,0.7241,-0.1338,3.1801
9,7,22,0.7241,-1.1262,2.2572
9,8,22,0.7241,0.4306,0.4705
9,9,22,0.7241,0.4253,1.3767
9,10,22,0.7241,0.3332,1.6576
10,1,22,0.7241,-0.6798,3.2115
10,2,22,0.7241,-0.6383,4.6280
10,3,22,0.7241,0.0793,1.9995
10,4,22,0.7241,-0.5789,2.4889
10,5,22,0.7241,1.6781,0.6288
10,6,22,0.7241,0.5843,2.3355
10,7,22,0.7241,-0.9319,3.1288
10,8,22,0.7241,-0.6229,2.1119
10,9,22,0.7241,-1.2101,5.3034
10,10,22,0.7241,-0.1931,1.6685
1,1,23,0.7586,1.6868,1.4720
1,2,23,0.7586,1.1162,3.9387
1,3,23,0.7586,-0.5970,4.2031
1,4,23,0.7586,-0.2129,3.8171
1,5,23,0.7586,0.2712,4.9625
1,6,23,0.7586,-0.1966,4.9287
1,7,23,0.7586,-1.6670,4.9648
1,8,23,0.7586,-0.6817,5.5105
1,9,23,0.7586,1.3446,1.7868
1,10,23,0.7586,-1.3329,5.5846
2,1,23,0.7586,0.2278,3.7290
2,2,23,0.7586,-1.4386,6.5763
2,3,23,0.7586,0.3453,2.7708
2,4,23,0.7586,-0.1108,3.3433
2,5,23,0.7586,1.0028,2.3482
2,6,23,0.7586,-0.5730,5.3535
2,7,23,0.7586,1.7753,1.0958
2,8,23,0.7586,0.7617,0.8718
2,9,23,0.7586,1.7169,1.9859
2,10,23,0.7586,0.1139,3.5159
3,1,23,0.7586,0.1375,3.6859
3,2,23,0.7586,-0.3496,4.9696
3,3,23,0.7586,-1.9450,5.9193
3,4,23,0.7586,0.1807,2.6609
3,5,23,0.7586,-0.9807,5.4258
3,6,23,0.7586,-0.1250,5.1197
3,7,23,0.7586,-2.0578,4.7458
3,8,23,0.7586,-1.5065,5.3752
3,9,23,0.7586,0.7853,1.7535
3,10,23,0.7586,-0.3358,3.3320
4,1,23,0.7586,-0.9809,5.9750
4,2,23,0.7586,0.3078,3.5348
4,3,23,0.7586,-0.2383,3.8466
4,4,23,0.7586,0.7369,1.1523
4,5,23,0.7586,0.6800,1.3840
4,6,23,0.7586,1.3172,1.1155
4,7,23,0.7586,0.1095,1.5504
4,8,23,0.7586,1.1464,1.0820
4,9,23,0.7586,0.6472,1.4565
4,10,23,0.7586,1.2580,-0.1029
5,1,23,0.7586,0.0307,4.5591
5,2,23,0.7586,0.5256,4.0396
5,3,23,0.7586,-2.0306,7.2548
5,4,23,0.7586,0.2988,2.9415
5,5,23,0.7586,-1.0422,6.3568
5,6,23,0.7586,-0.1112,3.6374
5,7,23,0.7586,1.8897,0.2517
5,8,23,0.7586,-3.1683,6.9851
5,9,23,0.7586,-0.0153,3.0099
5,10,23,0.7586,0.2623,2.6978
6,1,23,0.7586,-1.3654,7.2875
6,2,23,0.7586,0.6276,4.0236
6,3,23,0.7586,1.6933,1.0604
6,4,23,0.7586,-1.5141,4.9749
6,5,23,0.7586,0.3018,2.7031
6,6,23,0.7586,0.1416,4.2945
6,7,23,0.7586,1.1651,2.8898
6,8,23,0.7586,0.4813,2.2174
6,9,23,0.7586,-0.9778,5.6292
6,10,23,0.7586,-0.6206,4.0490
7,1,23,0.7586,0.9332,1.1298
7,2,23,0.7586,0.5014,2.1249
7,3,23,0.7586,-2.2280,5.6280
7,4,23,0.7586,-1.2421,3.2448
7,5,23,0.7586,1.0437,0.2782
7,6,23,0.7586,-0.5497,4.0190
7,7,23,0.7586,-0.7769,2.5277
7,8,23,0.7586,-0.6949,2.6936
7,9,23,0.7586,-0.5974,2.2513
7,10,23,0.7586,-0.0847,1.3304
8,1,23,0.7586,0.9159,0.4189
8,2,23,0.7586,-0.9930,4.2289
8,3,23,0.7586,0.9077,0.2748
8,4,23,0.7586,0.2509,0.9311
8,5,23,0.7586,0.4845,0.4227
8,6,23,0.7586,-1.6846,5.3453
8,7,23,0.7586,-0.0311,0.3395
8,8,23,0.7586,-0.7008,0.7616
8,9,23,0.7586,-0.9420,3.7337
8,10,23,0.7586,0.0450,1.2528
9,1,23,0.7586,-0.0051,3.3298
9,2,23,0.7586,-0.6516,3.4840
9,3,23,0.7586,-0.5940,1.8182
9,4,23,0.7586,-0.5716,3.3021
9,5,23,0.7586,1.1470,1.6869
9,6,23,0.7586,0.6317,1.3818
9,7,23,0.7586,-0.4853,2.1218
9,8,23,0.7586,2.1592,-1.6195
9,9,23,0.7586,0.4109,0.4352
9,10,23,0.7586,0.7759,0.5582
10,1,23,0.7586,-0.0089,1.9877
10,2,23,0.7586,-0.4518,4.2763
10,3,23,0.7586,-2.1371,5.8730
10,4,23,0.7586,0.4631,1.0973
10,5,23,0.7586,0.7988,0.9810
10,6,23,0.7586,-0.3358,2.9019
10,7,23,0.7586,0.8285,0.9957
10,8,23,0.7586,-1.3448,4.0157
10,9,23,0.7586,0.9290,0.5929
10,10,23,0.7586,-1.1564,2.2976
1,1,24,0.7931,-0.6618,4.7819
1,2,24,0.7931,2.0830,1.8084
1,3,24,0.7931,0.1905,3.8599
1,4,24,0.7931,-0.7128,4.6951
1,5,24,0.7931,0.8314,3.3653
1,6,24,0.7931,0.3844,4.2190
1,7,24,0.7931,0.4989,3.3045
1,8,24,0.7931,0.8395,2.0508
1,9,24,0.7931,-0.0359,2.8453
1,10,24,0.7931,-0.6423,4.5012
2,1,24,0.7931,-0.4918,5.8235
2,2,24,0.7931,-1.3632,8.6883
2,3,24,0.7931,0.1710,3.5168
2,4,24,0.7931,-2.1620,6.6889
2,5,24,0.7931,0.5319,3.3236
2,6,24,0.7931,-0.1672,5.3376
2,7,24,0.7931,0.8834,1.2586
2,8,24,0.7931,1.7577,0.6940
2,9,24,0.7931,0.0665,5.0281
2,10,24,0.7931,0.1302,2.1742
3,1,24,0.7931,-1.5837,5.9751
3,2,24,0.7931,-1.2828,7.0785
3,3,24,0.7931,0.0910,2.5483
3,4,24,0.7931,2.0652,0.8984
3,5,24,0.7931,0.0611,3.7253
3,6,24,0.7931,0.7011,3.6302
3,7,24,0.7931,-0.5595,4.4136
3,8,24,0.7931,1.7476,-0.6498
3,9,24,0.7931,0.0493,3.8732
3,10,24,0.7931,0.0556,2.9961
4,1,24,0.7931,0.3331,3.4306
4,2,24,0.7931,1.3657,3.4632
4,3,24,0.7931,-0.0491,3.4496
4,4,24,0.7931,-0.1113,3.6300
4,5,24,0.7931,-1.0337,4.7383
4,6,24,0.7931,-1.1430,5.5588
4,7,24,0.7931,-0.1182,2.5479
4,8,24,0.7931,1.3134,1.0107
4,9,24,0.7931,0.2616,2.5703
4,10,24,0.7931,0.1175,2.1066
5,1,24,0.7931,0.6843,3.1369
5,2,24,0.7931,0.2677,4.2197
5,3,24,0.7931,0.6274,2.6527
5,4,24,0.7931,0.4175,2.4744
5,5,24,0.7931,1.0847,1.8464
5,6,24,0.7931,-0.1315,3.7305
5,7,24,0.7931,-0.8423,4.5418
5,8,24,0.7931,-0.0130,3.6641
5,9,24,0.7931,0.4123,2.7297
5,10,24,0.7931,0.0487,3.4895
6,1,24,0.7931,-1.4453,6.8546
6,2,24,0.7931,0.7509,3.9833
6,3,24,0.7931,-0.7393,4.1899
6,4,24,0.7931,1.3086,1.5150
6,5,24,0.7931,-0.6315,5.2574
6,6,24,0.7931,0.5910,3.9707
6,7,24,0.7931,2.6517,-0.1626
6,8,24,0.7931,-1.2793,4.7523
6,9,24,0.7931,0.0990,2.5424
6,10,24,0.7931,-0.2238,3.7912
7,1,24,0.7931,0.9962,1.0749
7,2,24,0.7931,0.7679,1.9024
7,3,24,0.7931,1.3848,0.8256
7,4,24,0.7931,1.3694,0.2847
7,5,24,0.7931,1.7263,-0.8112
7,6,24,0.7931,0.5241,1.8307
7,7,24,0.7931,0.2710,1.0438
7,8,24,0.7931,0.5702,0.8581
7,9,24,0.7931,-0.4170,2.0684
7,10,24,0.7931,0.6430,1.0949
8,1,24,0.7931,1.4350,-0.6359
8,2,24,0.7931,1.1942,0.0236
8,3,24,0.7931,-1.5671,4.0408
8,4,24,0.7931,0.6435,0.2783
8,5,24,0.7931,-1.0391,3.3830
8,6,24,0.7931,-1.2402,3.4459
8,7,24,0.7931,-0.1364,1.0583
8,8,24,0.7931,0.7807,-1.2023
8,9,24,0.7931,-0.2502,2.3525
8,10,24,0.7931,-2.1225,4.4253
9,1,24,0.7931,-1.1592,3.5463
9,2,24,0.7931,-0.1101,4.4459
9,3,24,0.7931,0.8963,0.9467
9,4,24,0.7931,0.9029,1.0022
9,5,24,0.7931,0.5348,1.2422
9,6,24,0.7931,1.3120,0.7858
9,7,24,0.7931,2.1926,-1.3230
9,8,24,0.7931,1.1339,-0.0183
9,9,24,0.7931,0.2190,0.4412
9,10,24,0.7931,1.8805,-0.9461
10,1,24,0.7931,-0.8581,4.0632
10,2,24,0.7931,-1.7625,6.0037
10,3,24,0.7931,1.0293,1.1921
10,4,24,0.7931,0.8119,-0.1853
10,5,24,0.7931,-0.0945,2.7025
10,6,24,0.7931,-2.4808,6.5411
10,7,24,0.7931,0.3954,2.2869
10,8,24,0.7931,-1.5808,3.1135
10,9,24,0.7931,-1.3415,3.9555
10,10,24,0.7931,-0.3170,2.3143
1,1,25,0.8276,1.5517,2.7936
1,2,25,0.8276,0.1737,5.4900
1,3,25,0.8276,1.6028,1.7703
1,4,25,0.8276,0.2176,4.2354
1,5,25,0.8276,-1.0633,5.4983
1,6,25,0.8276,-1.0614,5.2625
1,7,25,0.8276,1.0884,0.8929
1,8,25,0.8276,0.5572,1.3072
1,9,25,0.8276,0.4293,3.2566
1,10,25,0.8276,-0.4309,4.2852
2,1,25,0.8276,-0.9485,7.0742
2,2,25,0.8276,-0.3508,5.4180
2,3,25,0.8276,-0.3003,3.6509
2,4,25,0.8276,2.0356,0.8386
2,5,25,0.8276,1.4240,1.4670
2,6,25,0.8276,-2.4611,7.9612
2,7,25,0.8276,-0.0802,3.3749
2,8,25,0.8276,1.4257,1.9285
2,9,25,0.8276,0.6631,3.1279
2,10,25,0.8276,1.3282,2.1632
3,1,25,0.8276,-2.6841,7.9204
3,2,25,0.8276,-0.5148,4.1881
3,3,25,0.8276,0.9862,1.5397
3,4,25,0.8276,0.6322,2.7601
3,5,25,0.8276,1.2283,2.0618
3,6,25,0.8276,0.9907,1.4203
3,7,25,0.8276,1.0210,2.2600
3,8,25,0.8276,-0.4364,2.2547
3,9,25,0.8276,-1.6235,5.1120
3,10,25,0.8276,-0.0028,1.9168
4,1,25,0.8276,-0.2184,4.0031
4,2,25,0.8276,-0.6544,5.2228
4,3,25,0.8276,0.1048,2.9659
4,4,25,0.8276,-0.8314,3.6208
4,5,25,0.8276,0.9269,1.8235
4,6,25,0.8276,-0.5742,4.9669
4,7,25,0.8276,0.9804,1.1660
4,8,25,0.8276,-0.8582,3.3778
4,9,25,0.8276,0.0405,2.6467
4,10,25,0.8276,0.3961,0.8447
5,1,25,0.8276,-0.8795,4.8095
5,2,25,0.8276,-0.8948,6.3970
5,3,25,0.8276,-0.4396,4.0110
5,4,25,0.8276,1.4499,1.6953
5,5,25,0.8276,0.3327,3.3936
5,6,25,0.8276,-1.3790,6.0367
5,7,25,0.8276,0.7820,1.1884
5,8,25,0.8276,0.3900,1.5513
5,9,25,0.8276,-0.2298,3.6874
5,10,25,0.8276,1.0989,1.2861
6,1,25,0.8276,-0.5599,5.8715
6,2,25,0.8276,-0.2219,4.3084
6,3,25,0.8276,0.6635,4.3048
6,4,25,0.8276,1.4536,1.2340
6,5,25,0.8276,0.0102,3.1596
6,6,25,0.8276,0.6380,3.4898
6,7,25,0.8276,-0.5990,4.4591
6,8,25,0.8276,1.3978,2.7217
6,9,25,0.8276,0.6622,2.5478
6,10,25,0.8276,0.5454,1.9761
7,1,25,0.8276,-1.2571,4.4406
7,2,25,0.8276,-1.3590,5.4731
7,3,25,0.8276,-1.0789,3.0574
7,4,25,0.8276,-1.7878,4.1235
7,5,25,0.8276,-1.8715,4.7711
7,6,25,0.8276,-1.0757,3.5515
7,7,25,0.8276,-1.6417,3.3296
7,8,25,0.8276,-0.0188,2.5837
7,9,25,0.8276,1.2620,0.2189
7,10,25,0.8276,0.0704,0.7980
8,1,25,0.8276,-0.0259,1.4010
8,2,25,0.8276,-0.4793,3.1357
8,3,25,0.8276,1.6907,-1.8281
8,4,25,0.8276,0.1724,1.4948
8,5,25,0.8276,-0.0807,3.0637
8,6,25,0.8276,0.5673,2.8974
8,7,25,0.8276,1.5486,-0.3773
8,8,25,0.8276,0.4771,-0.1618
8,9,25,0.8276,1.3292,0.2240
8,10,25,0.8276,-0.2245,0.6271
9,1,25,0.8276,-0.6782,3.7660
9,2,25,0.8276,-2.9173,7.7724
9,3,25,0.8276,1.8542,0.1554
9,4,25,0.8276,-0.7003,4.1197
9,5,25,0.8276,0.0126,3.0146
9,6,25,0.8276,-0.1119,2.5339
9,7,25,0.8276,-0.0643,2.3095
9,8,25,0.8276,-0.3422,1.2256
9,9,25,0.8276,0.5357,1.7386
9,10,25,0.8276,1.5993,-1.3152
10,1,25,0.8276,0.9842,1.7195
10,2,25,0.8276,-0.2789,3.5467
10,3,25,0.8276,-0.8824,3.6923
10,4,25,0.8276,-1.2674,4.0866
10,5,25,0.8276,-0.7108,4.5104
10,6,25,0.8276,0.1523,2.5340
10,7,25,0.8276,0.3339,2.0050
10,8,25,0.8276,-1.3116,2.3279
10,9,25,0.8276,-0.4834,2.6309
10,10,25,0.8276,0.6144,0.5793
1,1,26,0.8621,0.9576,3.0303
1,2,26,0.8621,0.6172,3.8384
1,3,26,0.8621,-2.0777,6.1988
1,4,26,0.8621,-1.0357,4.9106
1,5,26,0.8621,-0.7888,5.4855
1,6,26,0.8621,0.1932,4.9420
1,7,26,0.8621,1.8138,0.7504
1,8,26,0.8621,0.6069,1.8228
1,9,26,0.8621,0.3372,2.7535
1,10,26,0.8621,-1.0707,3.8230
2,1,26,0.8621,1.9864,2.3268
2,2,26,0.8621,0.2915,3.9576
2,3,26,0.8621,1.6435,2.0839
2,4,26,0.8621,0.2897,2.7439
2,5,26,0.8621,-0.0669,5.0600
2,6,26,0.8621,-0.0698,5.0468
2,7,26,0.8621,-0.5913,4.0103
2,8,26,0.8621,0.9231,2.3529
2,9,26,0.8621,0.9945,2.7033
2,10,26,0.8621,0.8147,2.8025
3,1,26,0.8621,-0.6741,5.6656
3,2,26,0.8621,1.0208,3.6700
3,3,26,0.8621,-0.1209,3.7310
3,4,26,0.8621,0.5741,3.5987
3,5,26,0.8621,-1.4687,6.1022
3,6,26,0.8621,-1.3506,5.4280
3,7,26,0.8621,1.6047,0.7507
3,8,26,0.8621,-0.2551,2.7127
3,9,26,0.8621,0.4559,4.2725
3,10,26,0.8621,-0.2795,1.5862
4,1,26,0.8621,1.0666,2.7007
4,2,26,0.8621,0.6895,4.0452
4,3,26,0.8621,0.8238,2.1754
4,4,26,0.8621,-0.9328,4.6160
4,5,26,0.8621,-0.7523,4.0206
4,6,26,0.8621,-1.2061,5.2753
4,7,26,0.8621,-0.0542,2.8266
4,8,26,0.8621,-1.6651,4.6031
4,9,26,0.8621,-0.5402,4.2700
4,10,26,0.8621,0.2883,0.8362
5,1,26,0.8621,0.9654,2.0855
5,2,26,0.8621,-0.9345,6.4545
5,3,26,0.8621,1.9221,0.9800
5,4,26,0.8621,0.5290,3.0915
5,5,26,0.8621,1.1467,1.9883
5,6,26,0.8621,-1.1549,5.9988
5,7,26,0.8621,0.0306,2.8439
5,8,26,0.8621,0.8337,1.1411
5,9,26,0.8621,-0.2103,2.8537
5,10,26,0.8621,-1.1992,4.9529
6,1,26,0.8621,-0.2962,5.3564
6,2,26,0.8621,3.5056,0.6438
6,3,26,0.8621,0.0319,3.5056
6,4,26,0.8621,0.1759,3.4754
6,5,26,0.8621,-1.0161,4.5988
6,6,26,0.8621,-1.1372,5.7778
6,7,26,0.8621,-0.0244,3.2560
6,8,26,0.8621,-1.0379,5.2295
6,9,26,0.8621,-0.4095,4.2726
6,10,26,0.8621,1.2332,3.3948
7,1,26,0.8621,-0.7784,3.0145
7,2,26,0.8621,0.1307,2.5085
7,3,26,0.8621,2.4743,-0.9156
7,4,26,0.8621,1.4287,-0.2560
7,5,26,0.8621,-2.4497,4.1267
7,6,26,0.8621,1.2844,0.4506
7,7,26,0.8621,-0.4133,1.1633
7,8,26,0.8621,-0.9267,1.9687
7,9,26,0.8621,0.1516,0.9637
7,10,26,0.8621,-1.6319,3.4090
8,1,26,0.8621,0.5132,0.3447
8,2,26,0.8621,0.6064,2.2457
8,3,26,0.8621,0.0625,1.4352
8,4,26,0.8621,1.4862,0.1512
8,5,26,0.8621,0.3896,0.5409
8,6,26,0.8621,-1.7090,4.4414
8,7,26,0.8621,-1.3838,3.4946
8,8,26,0.8621,0.0281,-0.5271
8,9,26,0.8621,0.5327,0.7264
8,10,26,0.8621,1.1581,-0.6028
9,1,26,0.8621,1.1227,1.0762
9,2,26,0.8621,2.1089,-0.0348
9,3,26,0.8621,-2.3293,4.9339
9,4,26,0.8621,-0.9162,3.2307
9,5,26,0.8621,0.6246,1.6828
9,6,26,0.8621,-1.0642,4.6186
9,7,26,0.8621,0.1958,2.2002
9,8,26,0.8621,-0.6748,2.6952
9,9,26,0.8621,1.9678,-0.0494
9,10,26,0.8621,0.3024,1.5892
10,1,26,0.8621,-0.0269,2.8187
10,2,26,0.8621,0.8315,2.7823
10,3,26,0.8621,0.6863,1.3186
10,4,26,0.8621,0.6990,0.2474
10,5,26,0.8621,-1.0339,3.3144
10,6,26,0.8621,-0.7898,3.2086
10,7,26,0.8621,-0.4110,2.1008
10,8,26,0.8621,1.3929,-0.4293
10,9,26,0.8621,1.0547,0.5312
10,10,26,0.8621,-0.5269,2.3167
1,1,27,0.8966,-0.2440,4.7716
1,2,27,0.8966,-0.4960,4.3554
1,3,27,0.8966,1.2419,1.9365
1,4,27,0.8966,0.3267,3.6415
1,5,27,0.8966,0.4573,3.6143
1,6,27,0.8966,0.7289,4.2738
1,7,27,0.8966,-0.5068,4.1386
1,8,27,0.8966,0.3809,3.2218
1,9,27,0.8966,-0.2221,3.6363
1,10,27,0.8966,-2.0956,5.1526
2,1,27,0.8966,-0.5355,5.6430
2,2,27,0.8966,-0.7008,5.2016
2,3,27,0.8966,-0.2344,4.4056
2,4,27,0.8966,0.3493,4.3935
2,5,27,0.8966,2.0352,2.6761
2,6,27,0.8966,-0.1353,4.8966
2,7,27,0.8966,1.8919,1.8114
2,8,27,0.8966,-0.8721,3.8811
2,9,27,0.8966,0.4104,3.8109
2,10,27,0.8966,0.9335,1.2699
3,1,27,0.8966,-0.9482,4.3918
3,2,27,0.8966,-1.2397,4.9711
3,3,27,0.8966,1.7979,2.4141
3,4,27,0.8966,-2.9790,5.3940
3,5,27,0.8966,-1.3516,5.7950
3,6,27,0.8966,-1.1154,5.4357
3,7,27,0.8966,-1.3854,4.0694
3,8,27,0.8966,0.5203,3.0973
3,9,27,0.8966,0.5726,1.9846
3,10,27,0.8966,-0.0613,2.9860
4,1,27,0.8966,0.6456,3.1041
4,2,27,0.8966,-1.3227,6.5952
4,3,27,0.8966,-1.0721,3.9053
4,4,27,0.8966,-1.5772,4.3225
4,5,27,0.8966,-0.1509,3.9466
4,6,27,0.8966,-0.2389,4.7865
4,7,27,0.8966,-0.0730,2.4414
4,8,27,0.8966,-0.3294,2.1047
4,9,27,0.8966,-0.6565,3.8116
4,10,27,0.8966,1.1950,0.2451
5,1,27,0.8966,1.3516,2.4725
5,2,27,0.8966,-0.3255,4.0963
5,3,27,0.8966,1.2895,3.2821
5,4,27,0.8966,-0.1543,2.6044
5,5,27,0.8966,0.9659,3.5333
5,6,27,0.8966,-0.7342,5.3368
5,7,27,0.8966,1.3275,1.7489
5,8,27,0.8966,0.9836,2.7486
5,9,27,0.8966,1.9023,0.8673
5,10,27,0.8966,-1.2263,3.8550
6,1,27,0.8966,-0.3052,4.7442
6,2,27,0.8966,0.4487,3.4518
6,3,27,0.8966,0.3123,3.4990
6,4,27,0.8966,0.4453,2.4654
6,5,27,0.8966,0.4237,3.7433
6,6,27,0.8966,0.0292,4.7701
6,7,27,0.8966,-1.1208,4.2665
6,8,27,0.8966,0.4801,3.5857
6,9,27,0.8966,-0.2209,2.6831
6,10,27,0.8966,0.5211,3.1643
7,1,27,0.8966,-0.1417,2.3307
7,2,27,0.8966,0.6988,3.0828
7,3,27,0.8966,-0.0803,1.9599
7,4,27,0.8966,1.5454,-0.9206
7,5,27,0.8966,-0.7158,2.2794
7,6,27,0.8966,-0.0409,3.1048
7,7,27,0.8966,0.5280,2.0536
7,8,27,0.8966,1.3900,0.4435
7,9,27,0.8966,-0.2119,2.5822
7,10,27,0.8966,0.8583,1.2221
8,1,27,0.8966,-0.1961,2.3982
8,2,27,0.8966,-0.0628,2.8384
8,3,27,0.8966,2.0970,0.0179
8,4,27,0.8966,-0.5889,0.6265
8,5,27,0.8966,-0.2322,1.7534
8,6,27,0.8966,0.8938,0.9972
8,7,27,0.8966,0.4131,0.1231
8,8,27,0.8966,-0.5825,0.1763
8,9,27,0.8966,0.1853,0.9123
8,10,27,0.8966,0.0262,0.4511
9,1,27,0.8966,-1.2258,3.7615
9,2,27,0.8966,1.6440,0.9802
9,3,27,0.8966,-0.1441,2.8444
9,4,27,0.8966,-0.7099,2.6582
9,5,27,0.8966,-1.4226,3.0028
9,6,27,0.8966,0.5882,3.1748
9,7,27,0.8966,-0.4509,2.0156
9,8,27,0.8966,0.0365,0.5487
9,9,27,0.8966,-0.5120,2.6372
9,10,27,0.8966,0.8453,0.8680
10,1,27,0.8966,0.6627,2.0649
10,2,27,0.8966,1.7501,1.0796
10,3,27,0.8966,2.1858,0.2523
10,4,27,0.8966,-0.6463,1.7049
10,5,27,0.8966,0.0287,1.8534
10,6,27,0.8966,0.3521,1.9372
10,7,27,0.8966,0.9109,0.7152
10,8,27,0.8966,1.2688,0.1721
10,9,27,0.8966,-0.5446,3.1071
10,10,27,0.8966,-1.5081,3.2273
1,1,28,0.9310,-0.1511,4.9606
1,2,28,0.9310,-0.6541,5.1229
1,3,28,0.9310,0.3197,3.7103
1,4,28,0.9310,-0.2296,4.1315
1,5,28,0.9310,-0.5423,4.2519
1,6,28,0.9310,-0.5795,5.2108
1,7,28,0.9310,-0.0495,4.0693
1,8,28,0.9310,1.9333,1.0866
1,9,28,0.9310,0.4950,3.3090
1,10,28,0.9310,0.7156,2.7827
2,1,28,0.9310,0.8289,2.8811
2,2,28,0.9310,0.4641,4.5216
2,3,28,0.9310,-0.6559,3.7332
2,4,28,0.9310,-0.4510,4.2038
2,5,28,0.9310,-1.9940,5.8564
2,6,28,0.9310,0.5001,4.3338
2,7,28,0.9310,-0.6544,3.4239
2,8,28,0.9310,0.0758,2.0830
2,9,28,0.9310,-2.1819,4.5853
2,10,28,0.9310,-1.1300,3.3592
3,1,28,0.9310,0.5033,3.5961
3,2,28,0.9310,-0.4752,4.7861
3,3,28,0.9310,-0.8896,3.6910
3,4,28,0.9310,-0.6048,2.9624
3,5,28,0.9310,-0.5589,5.2903
3,6,28,0.9310,-0.0801,3.9539
3,7,28,0.9310,0.6071,2.2742
3,8,28,0.9310,0.1305,1.3335
3,9,28,0.9310,0.5979,3.3973
3,10,28,0.9310,-0.5524,3.5464
4,1,28,0.9310,0.2702,4.3787
4,2,28,0.9310,-0.5014,3.8819
4,3,28,0.9310,-0.2499,2.2788
4,4,28,0.9310,0.6982,2.1488
4,5,28,0.9310,-0.3957,3.6741
4,6,28,0.9310,0.0621,2.9855
4,7,28,0.9310,-1.6700,3.3860
4,8,28,0.9310,0.9554,1.5943
4,9,28,0.9310,0.1036,2.3548
4,10,28,0.9310,1.2539,1.6664
5,1,28,0.9310,1.4630,3.0428
5,2,28,0.9310,-1.1703,4.8998
5,3,28,0.9310,0.3560,4.2921
5,4,28,0.9310,-0.2403,2.4698
5,5,28,0.9310,0.9947,3.9150
5,6,28,0.9310,0.7549,2.8834
5,7,28,0.9310,1.0203,2.1863
5,8,28,0.9310,-1.2911,4.1303
5,9,28,0.9310,0.7858,1.8106
5,10,28,0.9310,-1.2227,3.7895
6,1,28,0.9310,0.0720,4.5290
6,2,28,0.9310,0.1264,5.1324
6,3,28,0.9310,1.5576,2.3851
6,4,28,0.9310,0.7677,2.7254
6,5,28,0.9310,0.3621,3.8752
6,6,28,0.9310,-0.6154,6.7394
6,7,28,0.9310,-0.5888,3.5332
6,8,28,0.9310,0.2988,3.4745
6,9,28,0.9310,-0.4788,3.9864
6,10,28,0.9310,-1.8557,4.4800
7,1,28,0.9310,1.1089,2.8840
7,2,28,0.9310,-0.3126,3.6222
7,3,28,0.9310,-1.2091,1.8803
7,4,28,0.9310,0.9035,0.5738
7,5,28,0.9310,0.2663,2.9157
7,6,28,0.9310,0.9371,2.4126
7,7,28,0.9310,-1.9970,3.4794
7,8,28,0.9310,-0.5626,-0.0964
7,9,28,0.9310,0.5039,2.3736
7,10,28,0.9310,1.7430,0.3960
8,1,28,0.9310,1.2431,1.5653
8,2,28,0.9310,-0.5619,3.9450
8,3,28,0.9310,-1.4042,2.2552
8,4,28,0.9310,1.5726,0.8990
8,5,28,0.9310,-0.7214,2.0208
8,6,28,0.9310,-0.4314,2.2059
8,7,28,0.9310,-0.0368,0.6635
8,8,28,0.9310,0.2088,0.2858
8,9,28,0.9310,-0.6217,1.5813
8,10,28,0.9310,-1.5717,2.0369
9,1,28,0.9310,-0.2197,2.9784
9,2,28,0.9310,1.5107,1.4765
9,3,28,0.9310,-1.2580,2.5413
9,4,28,0.9310,1.2806,0.9457
9,5,28,0.9310,0.2234,1.7120
9,6,28,0.9310,-0.4575,3.8927
9,7,28,0.9310,1.3476,1.2444
9,8,28,0.9310,0.9881,0.0729
9,9,28,0.9310,0.9921,2.1772
9,10,28,0.9310,2.9252,-0.5480
10,1,28,0.9310,-1.5597,4.8565
10,2,28,0.9310,-0.4168,4.5122
10,3,28,0.9310,1.6168,1.1706
10,4,28,0.9310,-0.8434,3.0253
10,5,28,0.9310,0.5039,2.5320
10,6,28,0.9310,1.2866,1.6584
10,7,28,0.9310,-0.7126,2.9685
10,8,28,0.9310,0.4681,0.6376
10,9,28,0.9310,0.6600,1.5908
10,10,28,0.9310,-0.9919,0.8449
1,1,29,0.9655,-0.6676,5.3470
1,2,29,0.9655,-1.0948,5.3626
1,3,29,0.9655,0.8377,3.4557
1,4,29,0.9655,-0.9528,3.8092
1,5,29,0.9655,-1.2603,4.4992
1,6,29,0.9655,-0.8913,4.2824
1,7,29,0.9655,-0.3535,4.4412
1,8,29,0.9655,0.4442,1.5302
1,9,29,0.9655,0.0914,3.4812
1,10,29,0.9655,0.6744,3.2696
2,1,29,0.9655,1.0675,4.5993
2,2,29,0.9655,0.1369,4.5905
2,3,29,0.9655,0.1659,3.9178
2,4,29,0.9655,-0.4028,3.5334
2,5,29,0.9655,-0.7848,4.5212
2,6,29,0.9655,0.0702,5.1744
2,7,29,0.9655,1.7555,2.3500
2,8,29,0.9655,0.4102,4.4258
2,9,29,0.9655,-0.7164,4.7850
2,10,29,0.9655,0.1831,3.1430
3,1,29,0.9655,-0.7986,4.4781
3,2,29,0.9655,0.4255,5.0503
3,3,29,0.9655,-0.6496,4.9662
3,4,29,0.9655,-1.6521,4.2382
3,5,29,0.9655,0.7514,3.2886
3,6,29,0.9655,-1.7761,3.4024
3,7,29,0.9655,1.2935,3.2040
3,8,29,0.9655,0.7969,2.2779
3,9,29,0.9655,-0.2432,3.6682
3,10,29,0.9655,-0.5997,1.9137
4,1,29,0.9655,0.5905,3.8068
4,2,29,0.9655,-0.2339,3.3892
4,3,29,0.9655,0.1452,3.7260
4,4,29,0.9655,-0.5784,2.5282
4,5,29,0.9655,0.2838,2.9562
4,6,29,0.9655,0.8597,4.2823
4,7,29,0.9655,0.0336,2.2632
4,8,29,0.9655,-0.1959,2.2898
4,9,29,0.9655,1.1633,2.5622
4,10,29,0.9655,-0.0320,2.0710
5,1,29,0.9655,-0.5496,4.7142
5,2,29,0.9655,1.0663,4.8873
5,3,29,0.9655,-0.3215,4.7438
5,4,29,0.9655,-1.6220,4.1819
5,5,29,0.9655,-0.1565,4.3044
5,6,29,0.9655,-0.1106,3.5603
5,7,29,0.9655,-1.8983,3.6634
5,8,29,0.9655,-1.1363,2.6309
5,9,29,0.9655,-0.1768,3.0996
5,10,29,0.9655,-1.1545,3.9381
6,1,29,0.9655,1.3312,4.4294
6,2,29,0.9655,-1.2073,5.6748
6,3,29,0.9655,-1.9599,4.2463
6,4,29,0.9655,-1.3271,3.5770
6,5,29,0.9655,-1.2941,3.6110
6,6,29,0.9655,0.3608,3.8299
6,7,29,0.9655,0.3048,3.7720
6,8,29,0.9655,0.1261,3.4297
6,9,29,0.9655,1.2308,2.7957
6,10,29,0.9655,-0.1654,3.6805
7,1,29,0.9655,-0.8371,3.6787
7,2,29,0.9655,1.2947,2.4466
7,3,29,0.9655,0.0854,0.8539
7,4,29,0.9655,0.0108,2.7393
7,5,29,0.9655,0.8363,1.7092
7,6,29,0.9655,2.0227,2.4968
7,7,29,0.9655,-0.8974,1.0048
7,8,29,0.9655,-1.0468,1.0139
7,9,29,0.9655,-0.4726,2.5165
7,10,29,0.9655,0.6066,1.7959
8,1,29,0.9655,-2.0656,2.9284
8,2,29,0.9655,-1.1947,2.5692
8,3,29,0.9655,-0.0573,2.6243
8,4,29,0.9655,0.5195,0.1682
8,5,29,0.9655,-0.0787,2.5868
8,6,29,0.9655,0.4490,2.3071
8,7,29,0.9655,0.2374,1.7924
8,8,29,0.9655,-0.0288,0.4507
8,9,29,0.9655,1.5896,0.5420
8,10,29,0.9655,0.5714,0.8800
9,1,29,0.9655,-0.3286,4.0439
9,2,29,0.9655,0.1287,2.8625
9,3,29,0.9655,-1.5275,2.8256
9,4,29,0.9655,0.5182,2.8901
9,5,29,0.9655,-0.2940,2.9475
9,6,29,0.9655,-0.6905,3.0325
9,7,29,0.9655,0.7309,1.1775
9,8,29,0.9655,-0.6930,0.3299
9,9,29,0.9655,-0.8999,2.2150
9,10,29,0.9655,-0.3025,0.9277
10,1,29,0.9655,-0.1273,3.8865
10,2,29,0.9655,0.7660,2.5072
10,3,29,0.9655,0.3702,1.5510
10,4,29,0.9655,0.7320,1.9629
10,5,29,0.9655,1.0358,2.4082
10,6,29,0.9655,0.7374,1.5661
10,7,29,0.9655,-0.0129,1.3650
10,8,29,0.9655,1.4551,1.4339
10,9,29,0.9655,0.9154,1.7606
10,10,29,0.9655,1.4466,1.1294
1,1,30,1.0000,1.0038,3.8520
1,2,30,1.0000,-0.7569,4.9471
1,3,30,1.0000,0.1881,4.8454
1,4,30,1.0000,0.0651,2.9468
1,5,30,1.0000,1.6307,3.2263
1,6,30,1.0000,0.5854,4.8873
1,7,30,1.0000,-1.4633,3.2613
1,8,30,1.0000,-0.2574,3.2196
1,9,30,1.0000,-0.9040,3.0696
1,10,30,1.0000,-0.9558,3.0683
2,1,30,1.0000,0.5543,4.3235
2,2,30,1.0000,-1.0724,5.1964
2,3,30,1.0000,-0.2001,2.6007
2,4,30,1.0000,-1.2144,4.4842
2,5,30,1.0000,1.1131,4.5954
2,6,30,1.0000,-2.2258,5.3550
2,7,30,1.0000,0.0370,4.5023
2,8,30,1.0000,0.2223,3.7067
2,9,30,1.0000,1.1601,3.7841
2,10,30,1.0000,1.5911,2.9522
3,1,30,1.0000,-0.5274,3.6114
3,2,30,1.0000,2.4661,4.8342
3,3,30,1.0000,-0.1198,3.3221
3,4,30,1.0000,-0.0883,3.2139
3,5,30,1.0000,-0.2500,3.0673
3,6,30,1.0000,-0.9273,5.1257
3,7,30,1.0000,0.7539,4.4000
3,8,30,1.0000,-0.8544,2.0696
3,9,30,1.0000,0.0400,2.9167
3,10,30,1.0000,-0.9602,3.0038
4,1,30,1.0000,1.1249,3.8590
4,2,30,1.0000,-0.9922,3.5440
4,3,30,1.0000,0.5404,2.7550
4,4,30,1.0000,-1.5232,1.8519
4,5,30,1.0000,-1.2519,3.1551
4,6,30,1.0000,0.8860,3.9683
4,7,30,1.0000,0.6345,2.9797
4,8,30,1.0000,-0.3218,1.8083
4,9,30,1.0000,-1.0108,1.3126
4,10,30,1.0000,1.5616,2.9399
5,1,30,1.0000,0.3836,4.1542
5,2,30,1.0000,-1.2155,4.3654
5,3,30,1.0000,0.7549,3.6551
5,4,30,1.0000,-0.3449,1.8266
5,5,30,1.0000,0.3726,3.6054
5,6,30,1.0000,-0.0258,4.4158
5,7,30,1.0000,-0.6710,4.0040
5,8,30,1.0000,-1.0916,2.1249
5,9,30,1.0000,1.0231,4.1727
5,10,30,1.0000,-0.3140,2.9469
6,1,30,1.0000,0.7706,4.9237
6,2,30,1.0000,0.4641,5.8701
6,3,30,1.0000,0.0294,4.1431
6,4,30,1.0000,-0.3005,2.7248
6,5,30,1.0000,0.7841,4.2440
6,6,30,1.0000,-0.5890,4.8506
6,7,30,1.0000,1.6012,3.7079
6,8,30,1.0000,1.3997,2.8145
6,9,30,1.0000,0.6597,3.8748
6,10,30,1.0000,-0.3288,3.5541
7,1,30,1.0000,0.2040,2.6638
7,2,30,1.0000,-0.7763,2.6826
7,3,30,1.0000,0.2700,1.7551
7,4,30,1.0000,-0.1748,1.6949
7,5,30,1.0000,0.7564,2.7328
7,6,30,1.0000,0.7674,2.9250
7,7,30,1.0000,0.3418,1.0333
7,8,30,1.0000,-0.4595,1.9643
7,9,30,1.0000,0.0176,2.2928
7,10,30,1.0000,2.0340,1.3672
8,1,30,1.0000,-0.5046,2.7064
8,2,30,1.0000,-0.2832,2.6918
8,3,30,1.0000,-0.2276,1.3094
8,4,30,1.0000,-1.2340,1.5826
8,5,30,1.0000,-0.5565,2.6942
8,6,30,1.0000,0.3790,1.7479
8,7,30,1.0000,-0.0963,0.6215
8,8,30,1.0000,1.3476,0.4028
8,9,30,1.0000,1.2503,0.4901
8,10,30,1.0000,-0.3217,0.1294
9,1,30,1.0000,-2.3827,3.6292
9,2,30,1.0000,0.1225,2.7937
9,3,30,1.0000,-1.6890,0.7454
9,4,30,1.0000,0.1108,0.5126
9,5,30,1.0000,0.9639,2.5475
9,6,30,1.0000,-0.3557,2.2317
9,7,30,1.0000,0.0702,2.0506
9,8,30,1.0000,-0.5640,1.5019
9,9,30,1.0000,-0.1662,2.4738
9,10,30,1.0000,-1.3911,1.3670
10,1,30,1.0000,-0.4213,2.8851
10,2,30,1.0000,0.4546,3.2471
10,3,30,1.0000,-0.8174,2.1744
10,4,30,1.0000,0.4304,1.4702
10,5,30,1.0000,-0.2054,2.2617
10,6,30,1.0000,1.1272,2.6131
10,7,30,1.0000,-0.4713,1.5636
10,8,30,1.0000,-0.7848,1.8228
10,9,30,1.0000,1.7325,1.5852
10,10,30,1.0000,-0.6642,1.1167
